1306,M,null
1306,CS,0
1306,S,F,soba.util.IntStack,pop,IntStack.java,55
1306,S,F,soba.util.IntSetStack,pop,IntSetStack.java,81
1306,S,F,soba.util.IntSetStackTest,testStack,IntSetStackTest.java,58
1306,S,T,jdk.internal.reflect.NativeMethodAccessorImpl,invoke0,NativeMethodAccessorImpl.java,-2
1306,S,F,jdk.internal.reflect.NativeMethodAccessorImpl,invoke,NativeMethodAccessorImpl.java,62
1306,S,F,jdk.internal.reflect.DelegatingMethodAccessorImpl,invoke,DelegatingMethodAccessorImpl.java,43
1306,S,F,java.lang.reflect.Method,invoke,Method.java,566
1306,S,F,org.junit.runners.model.FrameworkMethod$1,runReflectiveCall,FrameworkMethod.java,59
1306,S,F,org.junit.internal.runners.model.ReflectiveCallable,run,ReflectiveCallable.java,12
1306,S,F,org.junit.runners.model.FrameworkMethod,invokeExplosively,FrameworkMethod.java,56
1306,S,F,org.junit.internal.runners.statements.InvokeMethod,evaluate,InvokeMethod.java,17
1306,S,F,org.junit.runners.ParentRunner$3,evaluate,ParentRunner.java,306
1306,S,F,org.junit.runners.BlockJUnit4ClassRunner$1,evaluate,BlockJUnit4ClassRunner.java,100
1306,S,F,org.junit.runners.ParentRunner,runLeaf,ParentRunner.java,366
1306,S,F,org.junit.runners.BlockJUnit4ClassRunner,runChild,BlockJUnit4ClassRunner.java,103
1306,S,F,org.junit.runners.BlockJUnit4ClassRunner,runChild,BlockJUnit4ClassRunner.java,63
1306,S,F,org.junit.runners.ParentRunner$4,run,ParentRunner.java,331
1306,S,F,org.junit.runners.ParentRunner$1,schedule,ParentRunner.java,79
1306,S,F,org.junit.runners.ParentRunner,runChildren,ParentRunner.java,329
1306,S,F,org.junit.runners.ParentRunner,access$100,ParentRunner.java,66
1306,S,F,org.junit.runners.ParentRunner$2,evaluate,ParentRunner.java,293
1306,S,F,org.junit.runners.ParentRunner$3,evaluate,ParentRunner.java,306
1306,S,F,org.junit.runners.ParentRunner,run,ParentRunner.java,413
1306,S,F,org.apache.maven.surefire.junit4.JUnit4Provider,execute,JUnit4Provider.java,252
1306,S,F,org.apache.maven.surefire.junit4.JUnit4Provider,executeTestSet,JUnit4Provider.java,141
1306,S,F,org.apache.maven.surefire.junit4.JUnit4Provider,invoke,JUnit4Provider.java,112
1306,S,T,jdk.internal.reflect.NativeMethodAccessorImpl,invoke0,NativeMethodAccessorImpl.java,-2
1306,S,F,jdk.internal.reflect.NativeMethodAccessorImpl,invoke,NativeMethodAccessorImpl.java,62
1306,S,F,jdk.internal.reflect.DelegatingMethodAccessorImpl,invoke,DelegatingMethodAccessorImpl.java,43
1306,S,F,java.lang.reflect.Method,invoke,Method.java,566
1306,S,F,org.apache.maven.surefire.util.ReflectionUtils,invokeMethodWithArray,ReflectionUtils.java,189
1306,S,F,org.apache.maven.surefire.booter.ProviderFactory$ProviderProxy,invoke,ProviderFactory.java,165
1306,S,F,org.apache.maven.surefire.booter.ProviderFactory,invokeProvider,ProviderFactory.java,85
1306,S,F,org.apache.maven.surefire.booter.ForkedBooter,runSuitesInProcess,ForkedBooter.java,115
1306,S,F,org.apache.maven.surefire.booter.ForkedBooter,main,ForkedBooter.java,75
1307,M,null
1307,CS,0
1307,S,F,soba.util.IntStack,peek,IntStack.java,68
1307,S,F,soba.util.IntSetStackTest,testStack,IntSetStackTest.java,64
1307,S,T,jdk.internal.reflect.NativeMethodAccessorImpl,invoke0,NativeMethodAccessorImpl.java,-2
1307,S,F,jdk.internal.reflect.NativeMethodAccessorImpl,invoke,NativeMethodAccessorImpl.java,62
1307,S,F,jdk.internal.reflect.DelegatingMethodAccessorImpl,invoke,DelegatingMethodAccessorImpl.java,43
1307,S,F,java.lang.reflect.Method,invoke,Method.java,566
1307,S,F,org.junit.runners.model.FrameworkMethod$1,runReflectiveCall,FrameworkMethod.java,59
1307,S,F,org.junit.internal.runners.model.ReflectiveCallable,run,ReflectiveCallable.java,12
1307,S,F,org.junit.runners.model.FrameworkMethod,invokeExplosively,FrameworkMethod.java,56
1307,S,F,org.junit.internal.runners.statements.InvokeMethod,evaluate,InvokeMethod.java,17
1307,S,F,org.junit.runners.ParentRunner$3,evaluate,ParentRunner.java,306
1307,S,F,org.junit.runners.BlockJUnit4ClassRunner$1,evaluate,BlockJUnit4ClassRunner.java,100
1307,S,F,org.junit.runners.ParentRunner,runLeaf,ParentRunner.java,366
1307,S,F,org.junit.runners.BlockJUnit4ClassRunner,runChild,BlockJUnit4ClassRunner.java,103
1307,S,F,org.junit.runners.BlockJUnit4ClassRunner,runChild,BlockJUnit4ClassRunner.java,63
1307,S,F,org.junit.runners.ParentRunner$4,run,ParentRunner.java,331
1307,S,F,org.junit.runners.ParentRunner$1,schedule,ParentRunner.java,79
1307,S,F,org.junit.runners.ParentRunner,runChildren,ParentRunner.java,329
1307,S,F,org.junit.runners.ParentRunner,access$100,ParentRunner.java,66
1307,S,F,org.junit.runners.ParentRunner$2,evaluate,ParentRunner.java,293
1307,S,F,org.junit.runners.ParentRunner$3,evaluate,ParentRunner.java,306
1307,S,F,org.junit.runners.ParentRunner,run,ParentRunner.java,413
1307,S,F,org.apache.maven.surefire.junit4.JUnit4Provider,execute,JUnit4Provider.java,252
1307,S,F,org.apache.maven.surefire.junit4.JUnit4Provider,executeTestSet,JUnit4Provider.java,141
1307,S,F,org.apache.maven.surefire.junit4.JUnit4Provider,invoke,JUnit4Provider.java,112
1307,S,T,jdk.internal.reflect.NativeMethodAccessorImpl,invoke0,NativeMethodAccessorImpl.java,-2
1307,S,F,jdk.internal.reflect.NativeMethodAccessorImpl,invoke,NativeMethodAccessorImpl.java,62
1307,S,F,jdk.internal.reflect.DelegatingMethodAccessorImpl,invoke,DelegatingMethodAccessorImpl.java,43
1307,S,F,java.lang.reflect.Method,invoke,Method.java,566
1307,S,F,org.apache.maven.surefire.util.ReflectionUtils,invokeMethodWithArray,ReflectionUtils.java,189
1307,S,F,org.apache.maven.surefire.booter.ProviderFactory$ProviderProxy,invoke,ProviderFactory.java,165
1307,S,F,org.apache.maven.surefire.booter.ProviderFactory,invokeProvider,ProviderFactory.java,85
1307,S,F,org.apache.maven.surefire.booter.ForkedBooter,runSuitesInProcess,ForkedBooter.java,115
1307,S,F,org.apache.maven.surefire.booter.ForkedBooter,main,ForkedBooter.java,75
1310,M,The given value cannot be stored into the stack. MAX=0, VALUE=0
1310,CS,0
1310,S,F,soba.util.IntSetStack,push,IntSetStack.java,63
1310,S,F,soba.util.IntSetStackTest,testStackContains,IntSetStackTest.java,78
1310,S,T,jdk.internal.reflect.NativeMethodAccessorImpl,invoke0,NativeMethodAccessorImpl.java,-2
1310,S,F,jdk.internal.reflect.NativeMethodAccessorImpl,invoke,NativeMethodAccessorImpl.java,62
1310,S,F,jdk.internal.reflect.DelegatingMethodAccessorImpl,invoke,DelegatingMethodAccessorImpl.java,43
1310,S,F,java.lang.reflect.Method,invoke,Method.java,566
1310,S,F,org.junit.runners.model.FrameworkMethod$1,runReflectiveCall,FrameworkMethod.java,59
1310,S,F,org.junit.internal.runners.model.ReflectiveCallable,run,ReflectiveCallable.java,12
1310,S,F,org.junit.runners.model.FrameworkMethod,invokeExplosively,FrameworkMethod.java,56
1310,S,F,org.junit.internal.runners.statements.InvokeMethod,evaluate,InvokeMethod.java,17
1310,S,F,org.junit.runners.ParentRunner$3,evaluate,ParentRunner.java,306
1310,S,F,org.junit.runners.BlockJUnit4ClassRunner$1,evaluate,BlockJUnit4ClassRunner.java,100
1310,S,F,org.junit.runners.ParentRunner,runLeaf,ParentRunner.java,366
1310,S,F,org.junit.runners.BlockJUnit4ClassRunner,runChild,BlockJUnit4ClassRunner.java,103
1310,S,F,org.junit.runners.BlockJUnit4ClassRunner,runChild,BlockJUnit4ClassRunner.java,63
1310,S,F,org.junit.runners.ParentRunner$4,run,ParentRunner.java,331
1310,S,F,org.junit.runners.ParentRunner$1,schedule,ParentRunner.java,79
1310,S,F,org.junit.runners.ParentRunner,runChildren,ParentRunner.java,329
1310,S,F,org.junit.runners.ParentRunner,access$100,ParentRunner.java,66
1310,S,F,org.junit.runners.ParentRunner$2,evaluate,ParentRunner.java,293
1310,S,F,org.junit.runners.ParentRunner$3,evaluate,ParentRunner.java,306
1310,S,F,org.junit.runners.ParentRunner,run,ParentRunner.java,413
1310,S,F,org.apache.maven.surefire.junit4.JUnit4Provider,execute,JUnit4Provider.java,252
1310,S,F,org.apache.maven.surefire.junit4.JUnit4Provider,executeTestSet,JUnit4Provider.java,141
1310,S,F,org.apache.maven.surefire.junit4.JUnit4Provider,invoke,JUnit4Provider.java,112
1310,S,T,jdk.internal.reflect.NativeMethodAccessorImpl,invoke0,NativeMethodAccessorImpl.java,-2
1310,S,F,jdk.internal.reflect.NativeMethodAccessorImpl,invoke,NativeMethodAccessorImpl.java,62
1310,S,F,jdk.internal.reflect.DelegatingMethodAccessorImpl,invoke,DelegatingMethodAccessorImpl.java,43
1310,S,F,java.lang.reflect.Method,invoke,Method.java,566
1310,S,F,org.apache.maven.surefire.util.ReflectionUtils,invokeMethodWithArray,ReflectionUtils.java,189
1310,S,F,org.apache.maven.surefire.booter.ProviderFactory$ProviderProxy,invoke,ProviderFactory.java,165
1310,S,F,org.apache.maven.surefire.booter.ProviderFactory,invokeProvider,ProviderFactory.java,85
1310,S,F,org.apache.maven.surefire.booter.ForkedBooter,runSuitesInProcess,ForkedBooter.java,115
1310,S,F,org.apache.maven.surefire.booter.ForkedBooter,main,ForkedBooter.java,75
1312,M,null
1312,CS,0
1312,S,F,soba.util.IntSetStack,push,IntSetStack.java,72
1312,S,F,soba.util.IntSetStackTest,testStackContains,IntSetStackTest.java,95
1312,S,T,jdk.internal.reflect.NativeMethodAccessorImpl,invoke0,NativeMethodAccessorImpl.java,-2
1312,S,F,jdk.internal.reflect.NativeMethodAccessorImpl,invoke,NativeMethodAccessorImpl.java,62
1312,S,F,jdk.internal.reflect.DelegatingMethodAccessorImpl,invoke,DelegatingMethodAccessorImpl.java,43
1312,S,F,java.lang.reflect.Method,invoke,Method.java,566
1312,S,F,org.junit.runners.model.FrameworkMethod$1,runReflectiveCall,FrameworkMethod.java,59
1312,S,F,org.junit.internal.runners.model.ReflectiveCallable,run,ReflectiveCallable.java,12
1312,S,F,org.junit.runners.model.FrameworkMethod,invokeExplosively,FrameworkMethod.java,56
1312,S,F,org.junit.internal.runners.statements.InvokeMethod,evaluate,InvokeMethod.java,17
1312,S,F,org.junit.runners.ParentRunner$3,evaluate,ParentRunner.java,306
1312,S,F,org.junit.runners.BlockJUnit4ClassRunner$1,evaluate,BlockJUnit4ClassRunner.java,100
1312,S,F,org.junit.runners.ParentRunner,runLeaf,ParentRunner.java,366
1312,S,F,org.junit.runners.BlockJUnit4ClassRunner,runChild,BlockJUnit4ClassRunner.java,103
1312,S,F,org.junit.runners.BlockJUnit4ClassRunner,runChild,BlockJUnit4ClassRunner.java,63
1312,S,F,org.junit.runners.ParentRunner$4,run,ParentRunner.java,331
1312,S,F,org.junit.runners.ParentRunner$1,schedule,ParentRunner.java,79
1312,S,F,org.junit.runners.ParentRunner,runChildren,ParentRunner.java,329
1312,S,F,org.junit.runners.ParentRunner,access$100,ParentRunner.java,66
1312,S,F,org.junit.runners.ParentRunner$2,evaluate,ParentRunner.java,293
1312,S,F,org.junit.runners.ParentRunner$3,evaluate,ParentRunner.java,306
1312,S,F,org.junit.runners.ParentRunner,run,ParentRunner.java,413
1312,S,F,org.apache.maven.surefire.junit4.JUnit4Provider,execute,JUnit4Provider.java,252
1312,S,F,org.apache.maven.surefire.junit4.JUnit4Provider,executeTestSet,JUnit4Provider.java,141
1312,S,F,org.apache.maven.surefire.junit4.JUnit4Provider,invoke,JUnit4Provider.java,112
1312,S,T,jdk.internal.reflect.NativeMethodAccessorImpl,invoke0,NativeMethodAccessorImpl.java,-2
1312,S,F,jdk.internal.reflect.NativeMethodAccessorImpl,invoke,NativeMethodAccessorImpl.java,62
1312,S,F,jdk.internal.reflect.DelegatingMethodAccessorImpl,invoke,DelegatingMethodAccessorImpl.java,43
1312,S,F,java.lang.reflect.Method,invoke,Method.java,566
1312,S,F,org.apache.maven.surefire.util.ReflectionUtils,invokeMethodWithArray,ReflectionUtils.java,189
1312,S,F,org.apache.maven.surefire.booter.ProviderFactory$ProviderProxy,invoke,ProviderFactory.java,165
1312,S,F,org.apache.maven.surefire.booter.ProviderFactory,invokeProvider,ProviderFactory.java,85
1312,S,F,org.apache.maven.surefire.booter.ForkedBooter,runSuitesInProcess,ForkedBooter.java,115
1312,S,F,org.apache.maven.surefire.booter.ForkedBooter,main,ForkedBooter.java,75
9426,M,null
9426,CS,0
9426,S,F,soba.util.IntStack,pop,IntStack.java,55
9426,S,F,soba.util.IntStackTest,testStack,IntStackTest.java,34
9426,S,T,jdk.internal.reflect.NativeMethodAccessorImpl,invoke0,NativeMethodAccessorImpl.java,-2
9426,S,F,jdk.internal.reflect.NativeMethodAccessorImpl,invoke,NativeMethodAccessorImpl.java,62
9426,S,F,jdk.internal.reflect.DelegatingMethodAccessorImpl,invoke,DelegatingMethodAccessorImpl.java,43
9426,S,F,java.lang.reflect.Method,invoke,Method.java,566
9426,S,F,org.junit.runners.model.FrameworkMethod$1,runReflectiveCall,FrameworkMethod.java,59
9426,S,F,org.junit.internal.runners.model.ReflectiveCallable,run,ReflectiveCallable.java,12
9426,S,F,org.junit.runners.model.FrameworkMethod,invokeExplosively,FrameworkMethod.java,56
9426,S,F,org.junit.internal.runners.statements.InvokeMethod,evaluate,InvokeMethod.java,17
9426,S,F,org.junit.runners.ParentRunner$3,evaluate,ParentRunner.java,306
9426,S,F,org.junit.runners.BlockJUnit4ClassRunner$1,evaluate,BlockJUnit4ClassRunner.java,100
9426,S,F,org.junit.runners.ParentRunner,runLeaf,ParentRunner.java,366
9426,S,F,org.junit.runners.BlockJUnit4ClassRunner,runChild,BlockJUnit4ClassRunner.java,103
9426,S,F,org.junit.runners.BlockJUnit4ClassRunner,runChild,BlockJUnit4ClassRunner.java,63
9426,S,F,org.junit.runners.ParentRunner$4,run,ParentRunner.java,331
9426,S,F,org.junit.runners.ParentRunner$1,schedule,ParentRunner.java,79
9426,S,F,org.junit.runners.ParentRunner,runChildren,ParentRunner.java,329
9426,S,F,org.junit.runners.ParentRunner,access$100,ParentRunner.java,66
9426,S,F,org.junit.runners.ParentRunner$2,evaluate,ParentRunner.java,293
9426,S,F,org.junit.runners.ParentRunner$3,evaluate,ParentRunner.java,306
9426,S,F,org.junit.runners.ParentRunner,run,ParentRunner.java,413
9426,S,F,org.apache.maven.surefire.junit4.JUnit4Provider,execute,JUnit4Provider.java,252
9426,S,F,org.apache.maven.surefire.junit4.JUnit4Provider,executeTestSet,JUnit4Provider.java,141
9426,S,F,org.apache.maven.surefire.junit4.JUnit4Provider,invoke,JUnit4Provider.java,112
9426,S,T,jdk.internal.reflect.NativeMethodAccessorImpl,invoke0,NativeMethodAccessorImpl.java,-2
9426,S,F,jdk.internal.reflect.NativeMethodAccessorImpl,invoke,NativeMethodAccessorImpl.java,62
9426,S,F,jdk.internal.reflect.DelegatingMethodAccessorImpl,invoke,DelegatingMethodAccessorImpl.java,43
9426,S,F,java.lang.reflect.Method,invoke,Method.java,566
9426,S,F,org.apache.maven.surefire.util.ReflectionUtils,invokeMethodWithArray,ReflectionUtils.java,189
9426,S,F,org.apache.maven.surefire.booter.ProviderFactory$ProviderProxy,invoke,ProviderFactory.java,165
9426,S,F,org.apache.maven.surefire.booter.ProviderFactory,invokeProvider,ProviderFactory.java,85
9426,S,F,org.apache.maven.surefire.booter.ForkedBooter,runSuitesInProcess,ForkedBooter.java,115
9426,S,F,org.apache.maven.surefire.booter.ForkedBooter,main,ForkedBooter.java,75
9427,M,null
9427,CS,0
9427,S,F,soba.util.IntStack,peek,IntStack.java,68
9427,S,F,soba.util.IntStackTest,testStack,IntStackTest.java,39
9427,S,T,jdk.internal.reflect.NativeMethodAccessorImpl,invoke0,NativeMethodAccessorImpl.java,-2
9427,S,F,jdk.internal.reflect.NativeMethodAccessorImpl,invoke,NativeMethodAccessorImpl.java,62
9427,S,F,jdk.internal.reflect.DelegatingMethodAccessorImpl,invoke,DelegatingMethodAccessorImpl.java,43
9427,S,F,java.lang.reflect.Method,invoke,Method.java,566
9427,S,F,org.junit.runners.model.FrameworkMethod$1,runReflectiveCall,FrameworkMethod.java,59
9427,S,F,org.junit.internal.runners.model.ReflectiveCallable,run,ReflectiveCallable.java,12
9427,S,F,org.junit.runners.model.FrameworkMethod,invokeExplosively,FrameworkMethod.java,56
9427,S,F,org.junit.internal.runners.statements.InvokeMethod,evaluate,InvokeMethod.java,17
9427,S,F,org.junit.runners.ParentRunner$3,evaluate,ParentRunner.java,306
9427,S,F,org.junit.runners.BlockJUnit4ClassRunner$1,evaluate,BlockJUnit4ClassRunner.java,100
9427,S,F,org.junit.runners.ParentRunner,runLeaf,ParentRunner.java,366
9427,S,F,org.junit.runners.BlockJUnit4ClassRunner,runChild,BlockJUnit4ClassRunner.java,103
9427,S,F,org.junit.runners.BlockJUnit4ClassRunner,runChild,BlockJUnit4ClassRunner.java,63
9427,S,F,org.junit.runners.ParentRunner$4,run,ParentRunner.java,331
9427,S,F,org.junit.runners.ParentRunner$1,schedule,ParentRunner.java,79
9427,S,F,org.junit.runners.ParentRunner,runChildren,ParentRunner.java,329
9427,S,F,org.junit.runners.ParentRunner,access$100,ParentRunner.java,66
9427,S,F,org.junit.runners.ParentRunner$2,evaluate,ParentRunner.java,293
9427,S,F,org.junit.runners.ParentRunner$3,evaluate,ParentRunner.java,306
9427,S,F,org.junit.runners.ParentRunner,run,ParentRunner.java,413
9427,S,F,org.apache.maven.surefire.junit4.JUnit4Provider,execute,JUnit4Provider.java,252
9427,S,F,org.apache.maven.surefire.junit4.JUnit4Provider,executeTestSet,JUnit4Provider.java,141
9427,S,F,org.apache.maven.surefire.junit4.JUnit4Provider,invoke,JUnit4Provider.java,112
9427,S,T,jdk.internal.reflect.NativeMethodAccessorImpl,invoke0,NativeMethodAccessorImpl.java,-2
9427,S,F,jdk.internal.reflect.NativeMethodAccessorImpl,invoke,NativeMethodAccessorImpl.java,62
9427,S,F,jdk.internal.reflect.DelegatingMethodAccessorImpl,invoke,DelegatingMethodAccessorImpl.java,43
9427,S,F,java.lang.reflect.Method,invoke,Method.java,566
9427,S,F,org.apache.maven.surefire.util.ReflectionUtils,invokeMethodWithArray,ReflectionUtils.java,189
9427,S,F,org.apache.maven.surefire.booter.ProviderFactory$ProviderProxy,invoke,ProviderFactory.java,165
9427,S,F,org.apache.maven.surefire.booter.ProviderFactory,invokeProvider,ProviderFactory.java,85
9427,S,F,org.apache.maven.surefire.booter.ForkedBooter,runSuitesInProcess,ForkedBooter.java,115
9427,S,F,org.apache.maven.surefire.booter.ForkedBooter,main,ForkedBooter.java,75
9562,M,null
9562,CS,0
9562,S,F,soba.util.IntPairList,add,IntPairList.java,74
9562,S,F,soba.util.IntPairListTest,testFreeze,IntPairListTest.java,116
9562,S,T,jdk.internal.reflect.NativeMethodAccessorImpl,invoke0,NativeMethodAccessorImpl.java,-2
9562,S,F,jdk.internal.reflect.NativeMethodAccessorImpl,invoke,NativeMethodAccessorImpl.java,62
9562,S,F,jdk.internal.reflect.DelegatingMethodAccessorImpl,invoke,DelegatingMethodAccessorImpl.java,43
9562,S,F,java.lang.reflect.Method,invoke,Method.java,566
9562,S,F,org.junit.runners.model.FrameworkMethod$1,runReflectiveCall,FrameworkMethod.java,59
9562,S,F,org.junit.internal.runners.model.ReflectiveCallable,run,ReflectiveCallable.java,12
9562,S,F,org.junit.runners.model.FrameworkMethod,invokeExplosively,FrameworkMethod.java,56
9562,S,F,org.junit.internal.runners.statements.InvokeMethod,evaluate,InvokeMethod.java,17
9562,S,F,org.junit.runners.ParentRunner$3,evaluate,ParentRunner.java,306
9562,S,F,org.junit.runners.BlockJUnit4ClassRunner$1,evaluate,BlockJUnit4ClassRunner.java,100
9562,S,F,org.junit.runners.ParentRunner,runLeaf,ParentRunner.java,366
9562,S,F,org.junit.runners.BlockJUnit4ClassRunner,runChild,BlockJUnit4ClassRunner.java,103
9562,S,F,org.junit.runners.BlockJUnit4ClassRunner,runChild,BlockJUnit4ClassRunner.java,63
9562,S,F,org.junit.runners.ParentRunner$4,run,ParentRunner.java,331
9562,S,F,org.junit.runners.ParentRunner$1,schedule,ParentRunner.java,79
9562,S,F,org.junit.runners.ParentRunner,runChildren,ParentRunner.java,329
9562,S,F,org.junit.runners.ParentRunner,access$100,ParentRunner.java,66
9562,S,F,org.junit.runners.ParentRunner$2,evaluate,ParentRunner.java,293
9562,S,F,org.junit.runners.ParentRunner$3,evaluate,ParentRunner.java,306
9562,S,F,org.junit.runners.ParentRunner,run,ParentRunner.java,413
9562,S,F,org.apache.maven.surefire.junit4.JUnit4Provider,execute,JUnit4Provider.java,252
9562,S,F,org.apache.maven.surefire.junit4.JUnit4Provider,executeTestSet,JUnit4Provider.java,141
9562,S,F,org.apache.maven.surefire.junit4.JUnit4Provider,invoke,JUnit4Provider.java,112
9562,S,T,jdk.internal.reflect.NativeMethodAccessorImpl,invoke0,NativeMethodAccessorImpl.java,-2
9562,S,F,jdk.internal.reflect.NativeMethodAccessorImpl,invoke,NativeMethodAccessorImpl.java,62
9562,S,F,jdk.internal.reflect.DelegatingMethodAccessorImpl,invoke,DelegatingMethodAccessorImpl.java,43
9562,S,F,java.lang.reflect.Method,invoke,Method.java,566
9562,S,F,org.apache.maven.surefire.util.ReflectionUtils,invokeMethodWithArray,ReflectionUtils.java,189
9562,S,F,org.apache.maven.surefire.booter.ProviderFactory$ProviderProxy,invoke,ProviderFactory.java,165
9562,S,F,org.apache.maven.surefire.booter.ProviderFactory,invokeProvider,ProviderFactory.java,85
9562,S,F,org.apache.maven.surefire.booter.ForkedBooter,runSuitesInProcess,ForkedBooter.java,115
9562,S,F,org.apache.maven.surefire.booter.ForkedBooter,main,ForkedBooter.java,75
9563,M,null
9563,CS,0
9563,S,F,soba.util.IntPairList,setFirstValue,IntPairList.java,117
9563,S,F,soba.util.IntPairListTest,testFreeze,IntPairListTest.java,121
9563,S,T,jdk.internal.reflect.NativeMethodAccessorImpl,invoke0,NativeMethodAccessorImpl.java,-2
9563,S,F,jdk.internal.reflect.NativeMethodAccessorImpl,invoke,NativeMethodAccessorImpl.java,62
9563,S,F,jdk.internal.reflect.DelegatingMethodAccessorImpl,invoke,DelegatingMethodAccessorImpl.java,43
9563,S,F,java.lang.reflect.Method,invoke,Method.java,566
9563,S,F,org.junit.runners.model.FrameworkMethod$1,runReflectiveCall,FrameworkMethod.java,59
9563,S,F,org.junit.internal.runners.model.ReflectiveCallable,run,ReflectiveCallable.java,12
9563,S,F,org.junit.runners.model.FrameworkMethod,invokeExplosively,FrameworkMethod.java,56
9563,S,F,org.junit.internal.runners.statements.InvokeMethod,evaluate,InvokeMethod.java,17
9563,S,F,org.junit.runners.ParentRunner$3,evaluate,ParentRunner.java,306
9563,S,F,org.junit.runners.BlockJUnit4ClassRunner$1,evaluate,BlockJUnit4ClassRunner.java,100
9563,S,F,org.junit.runners.ParentRunner,runLeaf,ParentRunner.java,366
9563,S,F,org.junit.runners.BlockJUnit4ClassRunner,runChild,BlockJUnit4ClassRunner.java,103
9563,S,F,org.junit.runners.BlockJUnit4ClassRunner,runChild,BlockJUnit4ClassRunner.java,63
9563,S,F,org.junit.runners.ParentRunner$4,run,ParentRunner.java,331
9563,S,F,org.junit.runners.ParentRunner$1,schedule,ParentRunner.java,79
9563,S,F,org.junit.runners.ParentRunner,runChildren,ParentRunner.java,329
9563,S,F,org.junit.runners.ParentRunner,access$100,ParentRunner.java,66
9563,S,F,org.junit.runners.ParentRunner$2,evaluate,ParentRunner.java,293
9563,S,F,org.junit.runners.ParentRunner$3,evaluate,ParentRunner.java,306
9563,S,F,org.junit.runners.ParentRunner,run,ParentRunner.java,413
9563,S,F,org.apache.maven.surefire.junit4.JUnit4Provider,execute,JUnit4Provider.java,252
9563,S,F,org.apache.maven.surefire.junit4.JUnit4Provider,executeTestSet,JUnit4Provider.java,141
9563,S,F,org.apache.maven.surefire.junit4.JUnit4Provider,invoke,JUnit4Provider.java,112
9563,S,T,jdk.internal.reflect.NativeMethodAccessorImpl,invoke0,NativeMethodAccessorImpl.java,-2
9563,S,F,jdk.internal.reflect.NativeMethodAccessorImpl,invoke,NativeMethodAccessorImpl.java,62
9563,S,F,jdk.internal.reflect.DelegatingMethodAccessorImpl,invoke,DelegatingMethodAccessorImpl.java,43
9563,S,F,java.lang.reflect.Method,invoke,Method.java,566
9563,S,F,org.apache.maven.surefire.util.ReflectionUtils,invokeMethodWithArray,ReflectionUtils.java,189
9563,S,F,org.apache.maven.surefire.booter.ProviderFactory$ProviderProxy,invoke,ProviderFactory.java,165
9563,S,F,org.apache.maven.surefire.booter.ProviderFactory,invokeProvider,ProviderFactory.java,85
9563,S,F,org.apache.maven.surefire.booter.ForkedBooter,runSuitesInProcess,ForkedBooter.java,115
9563,S,F,org.apache.maven.surefire.booter.ForkedBooter,main,ForkedBooter.java,75
9564,M,null
9564,CS,0
9564,S,F,soba.util.IntPairList,addAll,IntPairList.java,91
9564,S,F,soba.util.IntPairListTest,testFreeze,IntPairListTest.java,126
9564,S,T,jdk.internal.reflect.NativeMethodAccessorImpl,invoke0,NativeMethodAccessorImpl.java,-2
9564,S,F,jdk.internal.reflect.NativeMethodAccessorImpl,invoke,NativeMethodAccessorImpl.java,62
9564,S,F,jdk.internal.reflect.DelegatingMethodAccessorImpl,invoke,DelegatingMethodAccessorImpl.java,43
9564,S,F,java.lang.reflect.Method,invoke,Method.java,566
9564,S,F,org.junit.runners.model.FrameworkMethod$1,runReflectiveCall,FrameworkMethod.java,59
9564,S,F,org.junit.internal.runners.model.ReflectiveCallable,run,ReflectiveCallable.java,12
9564,S,F,org.junit.runners.model.FrameworkMethod,invokeExplosively,FrameworkMethod.java,56
9564,S,F,org.junit.internal.runners.statements.InvokeMethod,evaluate,InvokeMethod.java,17
9564,S,F,org.junit.runners.ParentRunner$3,evaluate,ParentRunner.java,306
9564,S,F,org.junit.runners.BlockJUnit4ClassRunner$1,evaluate,BlockJUnit4ClassRunner.java,100
9564,S,F,org.junit.runners.ParentRunner,runLeaf,ParentRunner.java,366
9564,S,F,org.junit.runners.BlockJUnit4ClassRunner,runChild,BlockJUnit4ClassRunner.java,103
9564,S,F,org.junit.runners.BlockJUnit4ClassRunner,runChild,BlockJUnit4ClassRunner.java,63
9564,S,F,org.junit.runners.ParentRunner$4,run,ParentRunner.java,331
9564,S,F,org.junit.runners.ParentRunner$1,schedule,ParentRunner.java,79
9564,S,F,org.junit.runners.ParentRunner,runChildren,ParentRunner.java,329
9564,S,F,org.junit.runners.ParentRunner,access$100,ParentRunner.java,66
9564,S,F,org.junit.runners.ParentRunner$2,evaluate,ParentRunner.java,293
9564,S,F,org.junit.runners.ParentRunner$3,evaluate,ParentRunner.java,306
9564,S,F,org.junit.runners.ParentRunner,run,ParentRunner.java,413
9564,S,F,org.apache.maven.surefire.junit4.JUnit4Provider,execute,JUnit4Provider.java,252
9564,S,F,org.apache.maven.surefire.junit4.JUnit4Provider,executeTestSet,JUnit4Provider.java,141
9564,S,F,org.apache.maven.surefire.junit4.JUnit4Provider,invoke,JUnit4Provider.java,112
9564,S,T,jdk.internal.reflect.NativeMethodAccessorImpl,invoke0,NativeMethodAccessorImpl.java,-2
9564,S,F,jdk.internal.reflect.NativeMethodAccessorImpl,invoke,NativeMethodAccessorImpl.java,62
9564,S,F,jdk.internal.reflect.DelegatingMethodAccessorImpl,invoke,DelegatingMethodAccessorImpl.java,43
9564,S,F,java.lang.reflect.Method,invoke,Method.java,566
9564,S,F,org.apache.maven.surefire.util.ReflectionUtils,invokeMethodWithArray,ReflectionUtils.java,189
9564,S,F,org.apache.maven.surefire.booter.ProviderFactory$ProviderProxy,invoke,ProviderFactory.java,165
9564,S,F,org.apache.maven.surefire.booter.ProviderFactory,invokeProvider,ProviderFactory.java,85
9564,S,F,org.apache.maven.surefire.booter.ForkedBooter,runSuitesInProcess,ForkedBooter.java,115
9564,S,F,org.apache.maven.surefire.booter.ForkedBooter,main,ForkedBooter.java,75
9567,M,Array index out of range: -1
9567,CS,0
9567,S,F,soba.util.IntPairList,getFirstValue,IntPairList.java,47
9567,S,F,soba.util.IntPairListTest,testArrayIndexOutOfBounds,IntPairListTest.java,137
9567,S,T,jdk.internal.reflect.NativeMethodAccessorImpl,invoke0,NativeMethodAccessorImpl.java,-2
9567,S,F,jdk.internal.reflect.NativeMethodAccessorImpl,invoke,NativeMethodAccessorImpl.java,62
9567,S,F,jdk.internal.reflect.DelegatingMethodAccessorImpl,invoke,DelegatingMethodAccessorImpl.java,43
9567,S,F,java.lang.reflect.Method,invoke,Method.java,566
9567,S,F,org.junit.runners.model.FrameworkMethod$1,runReflectiveCall,FrameworkMethod.java,59
9567,S,F,org.junit.internal.runners.model.ReflectiveCallable,run,ReflectiveCallable.java,12
9567,S,F,org.junit.runners.model.FrameworkMethod,invokeExplosively,FrameworkMethod.java,56
9567,S,F,org.junit.internal.runners.statements.InvokeMethod,evaluate,InvokeMethod.java,17
9567,S,F,org.junit.runners.ParentRunner$3,evaluate,ParentRunner.java,306
9567,S,F,org.junit.runners.BlockJUnit4ClassRunner$1,evaluate,BlockJUnit4ClassRunner.java,100
9567,S,F,org.junit.runners.ParentRunner,runLeaf,ParentRunner.java,366
9567,S,F,org.junit.runners.BlockJUnit4ClassRunner,runChild,BlockJUnit4ClassRunner.java,103
9567,S,F,org.junit.runners.BlockJUnit4ClassRunner,runChild,BlockJUnit4ClassRunner.java,63
9567,S,F,org.junit.runners.ParentRunner$4,run,ParentRunner.java,331
9567,S,F,org.junit.runners.ParentRunner$1,schedule,ParentRunner.java,79
9567,S,F,org.junit.runners.ParentRunner,runChildren,ParentRunner.java,329
9567,S,F,org.junit.runners.ParentRunner,access$100,ParentRunner.java,66
9567,S,F,org.junit.runners.ParentRunner$2,evaluate,ParentRunner.java,293
9567,S,F,org.junit.runners.ParentRunner$3,evaluate,ParentRunner.java,306
9567,S,F,org.junit.runners.ParentRunner,run,ParentRunner.java,413
9567,S,F,org.apache.maven.surefire.junit4.JUnit4Provider,execute,JUnit4Provider.java,252
9567,S,F,org.apache.maven.surefire.junit4.JUnit4Provider,executeTestSet,JUnit4Provider.java,141
9567,S,F,org.apache.maven.surefire.junit4.JUnit4Provider,invoke,JUnit4Provider.java,112
9567,S,T,jdk.internal.reflect.NativeMethodAccessorImpl,invoke0,NativeMethodAccessorImpl.java,-2
9567,S,F,jdk.internal.reflect.NativeMethodAccessorImpl,invoke,NativeMethodAccessorImpl.java,62
9567,S,F,jdk.internal.reflect.DelegatingMethodAccessorImpl,invoke,DelegatingMethodAccessorImpl.java,43
9567,S,F,java.lang.reflect.Method,invoke,Method.java,566
9567,S,F,org.apache.maven.surefire.util.ReflectionUtils,invokeMethodWithArray,ReflectionUtils.java,189
9567,S,F,org.apache.maven.surefire.booter.ProviderFactory$ProviderProxy,invoke,ProviderFactory.java,165
9567,S,F,org.apache.maven.surefire.booter.ProviderFactory,invokeProvider,ProviderFactory.java,85
9567,S,F,org.apache.maven.surefire.booter.ForkedBooter,runSuitesInProcess,ForkedBooter.java,115
9567,S,F,org.apache.maven.surefire.booter.ForkedBooter,main,ForkedBooter.java,75
9568,M,Array index out of range: 1
9568,CS,0
9568,S,F,soba.util.IntPairList,getFirstValue,IntPairList.java,47
9568,S,F,soba.util.IntPairListTest,testArrayIndexOutOfBounds,IntPairListTest.java,142
9568,S,T,jdk.internal.reflect.NativeMethodAccessorImpl,invoke0,NativeMethodAccessorImpl.java,-2
9568,S,F,jdk.internal.reflect.NativeMethodAccessorImpl,invoke,NativeMethodAccessorImpl.java,62
9568,S,F,jdk.internal.reflect.DelegatingMethodAccessorImpl,invoke,DelegatingMethodAccessorImpl.java,43
9568,S,F,java.lang.reflect.Method,invoke,Method.java,566
9568,S,F,org.junit.runners.model.FrameworkMethod$1,runReflectiveCall,FrameworkMethod.java,59
9568,S,F,org.junit.internal.runners.model.ReflectiveCallable,run,ReflectiveCallable.java,12
9568,S,F,org.junit.runners.model.FrameworkMethod,invokeExplosively,FrameworkMethod.java,56
9568,S,F,org.junit.internal.runners.statements.InvokeMethod,evaluate,InvokeMethod.java,17
9568,S,F,org.junit.runners.ParentRunner$3,evaluate,ParentRunner.java,306
9568,S,F,org.junit.runners.BlockJUnit4ClassRunner$1,evaluate,BlockJUnit4ClassRunner.java,100
9568,S,F,org.junit.runners.ParentRunner,runLeaf,ParentRunner.java,366
9568,S,F,org.junit.runners.BlockJUnit4ClassRunner,runChild,BlockJUnit4ClassRunner.java,103
9568,S,F,org.junit.runners.BlockJUnit4ClassRunner,runChild,BlockJUnit4ClassRunner.java,63
9568,S,F,org.junit.runners.ParentRunner$4,run,ParentRunner.java,331
9568,S,F,org.junit.runners.ParentRunner$1,schedule,ParentRunner.java,79
9568,S,F,org.junit.runners.ParentRunner,runChildren,ParentRunner.java,329
9568,S,F,org.junit.runners.ParentRunner,access$100,ParentRunner.java,66
9568,S,F,org.junit.runners.ParentRunner$2,evaluate,ParentRunner.java,293
9568,S,F,org.junit.runners.ParentRunner$3,evaluate,ParentRunner.java,306
9568,S,F,org.junit.runners.ParentRunner,run,ParentRunner.java,413
9568,S,F,org.apache.maven.surefire.junit4.JUnit4Provider,execute,JUnit4Provider.java,252
9568,S,F,org.apache.maven.surefire.junit4.JUnit4Provider,executeTestSet,JUnit4Provider.java,141
9568,S,F,org.apache.maven.surefire.junit4.JUnit4Provider,invoke,JUnit4Provider.java,112
9568,S,T,jdk.internal.reflect.NativeMethodAccessorImpl,invoke0,NativeMethodAccessorImpl.java,-2
9568,S,F,jdk.internal.reflect.NativeMethodAccessorImpl,invoke,NativeMethodAccessorImpl.java,62
9568,S,F,jdk.internal.reflect.DelegatingMethodAccessorImpl,invoke,DelegatingMethodAccessorImpl.java,43
9568,S,F,java.lang.reflect.Method,invoke,Method.java,566
9568,S,F,org.apache.maven.surefire.util.ReflectionUtils,invokeMethodWithArray,ReflectionUtils.java,189
9568,S,F,org.apache.maven.surefire.booter.ProviderFactory$ProviderProxy,invoke,ProviderFactory.java,165
9568,S,F,org.apache.maven.surefire.booter.ProviderFactory,invokeProvider,ProviderFactory.java,85
9568,S,F,org.apache.maven.surefire.booter.ForkedBooter,runSuitesInProcess,ForkedBooter.java,115
9568,S,F,org.apache.maven.surefire.booter.ForkedBooter,main,ForkedBooter.java,75
9569,M,Array index out of range: -1
9569,CS,0
9569,S,F,soba.util.IntPairList,getSecondValue,IntPairList.java,58
9569,S,F,soba.util.IntPairListTest,testArrayIndexOutOfBounds,IntPairListTest.java,147
9569,S,T,jdk.internal.reflect.NativeMethodAccessorImpl,invoke0,NativeMethodAccessorImpl.java,-2
9569,S,F,jdk.internal.reflect.NativeMethodAccessorImpl,invoke,NativeMethodAccessorImpl.java,62
9569,S,F,jdk.internal.reflect.DelegatingMethodAccessorImpl,invoke,DelegatingMethodAccessorImpl.java,43
9569,S,F,java.lang.reflect.Method,invoke,Method.java,566
9569,S,F,org.junit.runners.model.FrameworkMethod$1,runReflectiveCall,FrameworkMethod.java,59
9569,S,F,org.junit.internal.runners.model.ReflectiveCallable,run,ReflectiveCallable.java,12
9569,S,F,org.junit.runners.model.FrameworkMethod,invokeExplosively,FrameworkMethod.java,56
9569,S,F,org.junit.internal.runners.statements.InvokeMethod,evaluate,InvokeMethod.java,17
9569,S,F,org.junit.runners.ParentRunner$3,evaluate,ParentRunner.java,306
9569,S,F,org.junit.runners.BlockJUnit4ClassRunner$1,evaluate,BlockJUnit4ClassRunner.java,100
9569,S,F,org.junit.runners.ParentRunner,runLeaf,ParentRunner.java,366
9569,S,F,org.junit.runners.BlockJUnit4ClassRunner,runChild,BlockJUnit4ClassRunner.java,103
9569,S,F,org.junit.runners.BlockJUnit4ClassRunner,runChild,BlockJUnit4ClassRunner.java,63
9569,S,F,org.junit.runners.ParentRunner$4,run,ParentRunner.java,331
9569,S,F,org.junit.runners.ParentRunner$1,schedule,ParentRunner.java,79
9569,S,F,org.junit.runners.ParentRunner,runChildren,ParentRunner.java,329
9569,S,F,org.junit.runners.ParentRunner,access$100,ParentRunner.java,66
9569,S,F,org.junit.runners.ParentRunner$2,evaluate,ParentRunner.java,293
9569,S,F,org.junit.runners.ParentRunner$3,evaluate,ParentRunner.java,306
9569,S,F,org.junit.runners.ParentRunner,run,ParentRunner.java,413
9569,S,F,org.apache.maven.surefire.junit4.JUnit4Provider,execute,JUnit4Provider.java,252
9569,S,F,org.apache.maven.surefire.junit4.JUnit4Provider,executeTestSet,JUnit4Provider.java,141
9569,S,F,org.apache.maven.surefire.junit4.JUnit4Provider,invoke,JUnit4Provider.java,112
9569,S,T,jdk.internal.reflect.NativeMethodAccessorImpl,invoke0,NativeMethodAccessorImpl.java,-2
9569,S,F,jdk.internal.reflect.NativeMethodAccessorImpl,invoke,NativeMethodAccessorImpl.java,62
9569,S,F,jdk.internal.reflect.DelegatingMethodAccessorImpl,invoke,DelegatingMethodAccessorImpl.java,43
9569,S,F,java.lang.reflect.Method,invoke,Method.java,566
9569,S,F,org.apache.maven.surefire.util.ReflectionUtils,invokeMethodWithArray,ReflectionUtils.java,189
9569,S,F,org.apache.maven.surefire.booter.ProviderFactory$ProviderProxy,invoke,ProviderFactory.java,165
9569,S,F,org.apache.maven.surefire.booter.ProviderFactory,invokeProvider,ProviderFactory.java,85
9569,S,F,org.apache.maven.surefire.booter.ForkedBooter,runSuitesInProcess,ForkedBooter.java,115
9569,S,F,org.apache.maven.surefire.booter.ForkedBooter,main,ForkedBooter.java,75
9570,M,Array index out of range: 1
9570,CS,0
9570,S,F,soba.util.IntPairList,getSecondValue,IntPairList.java,58
9570,S,F,soba.util.IntPairListTest,testArrayIndexOutOfBounds,IntPairListTest.java,152
9570,S,T,jdk.internal.reflect.NativeMethodAccessorImpl,invoke0,NativeMethodAccessorImpl.java,-2
9570,S,F,jdk.internal.reflect.NativeMethodAccessorImpl,invoke,NativeMethodAccessorImpl.java,62
9570,S,F,jdk.internal.reflect.DelegatingMethodAccessorImpl,invoke,DelegatingMethodAccessorImpl.java,43
9570,S,F,java.lang.reflect.Method,invoke,Method.java,566
9570,S,F,org.junit.runners.model.FrameworkMethod$1,runReflectiveCall,FrameworkMethod.java,59
9570,S,F,org.junit.internal.runners.model.ReflectiveCallable,run,ReflectiveCallable.java,12
9570,S,F,org.junit.runners.model.FrameworkMethod,invokeExplosively,FrameworkMethod.java,56
9570,S,F,org.junit.internal.runners.statements.InvokeMethod,evaluate,InvokeMethod.java,17
9570,S,F,org.junit.runners.ParentRunner$3,evaluate,ParentRunner.java,306
9570,S,F,org.junit.runners.BlockJUnit4ClassRunner$1,evaluate,BlockJUnit4ClassRunner.java,100
9570,S,F,org.junit.runners.ParentRunner,runLeaf,ParentRunner.java,366
9570,S,F,org.junit.runners.BlockJUnit4ClassRunner,runChild,BlockJUnit4ClassRunner.java,103
9570,S,F,org.junit.runners.BlockJUnit4ClassRunner,runChild,BlockJUnit4ClassRunner.java,63
9570,S,F,org.junit.runners.ParentRunner$4,run,ParentRunner.java,331
9570,S,F,org.junit.runners.ParentRunner$1,schedule,ParentRunner.java,79
9570,S,F,org.junit.runners.ParentRunner,runChildren,ParentRunner.java,329
9570,S,F,org.junit.runners.ParentRunner,access$100,ParentRunner.java,66
9570,S,F,org.junit.runners.ParentRunner$2,evaluate,ParentRunner.java,293
9570,S,F,org.junit.runners.ParentRunner$3,evaluate,ParentRunner.java,306
9570,S,F,org.junit.runners.ParentRunner,run,ParentRunner.java,413
9570,S,F,org.apache.maven.surefire.junit4.JUnit4Provider,execute,JUnit4Provider.java,252
9570,S,F,org.apache.maven.surefire.junit4.JUnit4Provider,executeTestSet,JUnit4Provider.java,141
9570,S,F,org.apache.maven.surefire.junit4.JUnit4Provider,invoke,JUnit4Provider.java,112
9570,S,T,jdk.internal.reflect.NativeMethodAccessorImpl,invoke0,NativeMethodAccessorImpl.java,-2
9570,S,F,jdk.internal.reflect.NativeMethodAccessorImpl,invoke,NativeMethodAccessorImpl.java,62
9570,S,F,jdk.internal.reflect.DelegatingMethodAccessorImpl,invoke,DelegatingMethodAccessorImpl.java,43
9570,S,F,java.lang.reflect.Method,invoke,Method.java,566
9570,S,F,org.apache.maven.surefire.util.ReflectionUtils,invokeMethodWithArray,ReflectionUtils.java,189
9570,S,F,org.apache.maven.surefire.booter.ProviderFactory$ProviderProxy,invoke,ProviderFactory.java,165
9570,S,F,org.apache.maven.surefire.booter.ProviderFactory,invokeProvider,ProviderFactory.java,85
9570,S,F,org.apache.maven.surefire.booter.ForkedBooter,runSuitesInProcess,ForkedBooter.java,115
9570,S,F,org.apache.maven.surefire.booter.ForkedBooter,main,ForkedBooter.java,75
9612,M,null
9612,CS,0
9612,S,F,soba.util.ObjectIdMap,getId,ObjectIdMap.java,58
9612,S,F,soba.util.ObjectIdMap,add,ObjectIdMap.java,44
9612,S,F,soba.util.ObjectIdMapTest,testFreeze,ObjectIdMapTest.java,51
9612,S,T,jdk.internal.reflect.NativeMethodAccessorImpl,invoke0,NativeMethodAccessorImpl.java,-2
9612,S,F,jdk.internal.reflect.NativeMethodAccessorImpl,invoke,NativeMethodAccessorImpl.java,62
9612,S,F,jdk.internal.reflect.DelegatingMethodAccessorImpl,invoke,DelegatingMethodAccessorImpl.java,43
9612,S,F,java.lang.reflect.Method,invoke,Method.java,566
9612,S,F,org.junit.runners.model.FrameworkMethod$1,runReflectiveCall,FrameworkMethod.java,59
9612,S,F,org.junit.internal.runners.model.ReflectiveCallable,run,ReflectiveCallable.java,12
9612,S,F,org.junit.runners.model.FrameworkMethod,invokeExplosively,FrameworkMethod.java,56
9612,S,F,org.junit.internal.runners.statements.InvokeMethod,evaluate,InvokeMethod.java,17
9612,S,F,org.junit.runners.ParentRunner$3,evaluate,ParentRunner.java,306
9612,S,F,org.junit.runners.BlockJUnit4ClassRunner$1,evaluate,BlockJUnit4ClassRunner.java,100
9612,S,F,org.junit.runners.ParentRunner,runLeaf,ParentRunner.java,366
9612,S,F,org.junit.runners.BlockJUnit4ClassRunner,runChild,BlockJUnit4ClassRunner.java,103
9612,S,F,org.junit.runners.BlockJUnit4ClassRunner,runChild,BlockJUnit4ClassRunner.java,63
9612,S,F,org.junit.runners.ParentRunner$4,run,ParentRunner.java,331
9612,S,F,org.junit.runners.ParentRunner$1,schedule,ParentRunner.java,79
9612,S,F,org.junit.runners.ParentRunner,runChildren,ParentRunner.java,329
9612,S,F,org.junit.runners.ParentRunner,access$100,ParentRunner.java,66
9612,S,F,org.junit.runners.ParentRunner$2,evaluate,ParentRunner.java,293
9612,S,F,org.junit.runners.ParentRunner$3,evaluate,ParentRunner.java,306
9612,S,F,org.junit.runners.ParentRunner,run,ParentRunner.java,413
9612,S,F,org.apache.maven.surefire.junit4.JUnit4Provider,execute,JUnit4Provider.java,252
9612,S,F,org.apache.maven.surefire.junit4.JUnit4Provider,executeTestSet,JUnit4Provider.java,141
9612,S,F,org.apache.maven.surefire.junit4.JUnit4Provider,invoke,JUnit4Provider.java,112
9612,S,T,jdk.internal.reflect.NativeMethodAccessorImpl,invoke0,NativeMethodAccessorImpl.java,-2
9612,S,F,jdk.internal.reflect.NativeMethodAccessorImpl,invoke,NativeMethodAccessorImpl.java,62
9612,S,F,jdk.internal.reflect.DelegatingMethodAccessorImpl,invoke,DelegatingMethodAccessorImpl.java,43
9612,S,F,java.lang.reflect.Method,invoke,Method.java,566
9612,S,F,org.apache.maven.surefire.util.ReflectionUtils,invokeMethodWithArray,ReflectionUtils.java,189
9612,S,F,org.apache.maven.surefire.booter.ProviderFactory$ProviderProxy,invoke,ProviderFactory.java,165
9612,S,F,org.apache.maven.surefire.booter.ProviderFactory,invokeProvider,ProviderFactory.java,85
9612,S,F,org.apache.maven.surefire.booter.ForkedBooter,runSuitesInProcess,ForkedBooter.java,115
9612,S,F,org.apache.maven.surefire.booter.ForkedBooter,main,ForkedBooter.java,75
47326,M,null
47326,CS,0
47326,S,F,soba.core.ClassHierarchy,registerClass,ClassHierarchy.java,515
47326,S,F,soba.core.ClassHierarchyTest,testFreeze,ClassHierarchyTest.java,224
47326,S,T,jdk.internal.reflect.NativeMethodAccessorImpl,invoke0,NativeMethodAccessorImpl.java,-2
47326,S,F,jdk.internal.reflect.NativeMethodAccessorImpl,invoke,NativeMethodAccessorImpl.java,62
47326,S,F,jdk.internal.reflect.DelegatingMethodAccessorImpl,invoke,DelegatingMethodAccessorImpl.java,43
47326,S,F,java.lang.reflect.Method,invoke,Method.java,566
47326,S,F,org.junit.runners.model.FrameworkMethod$1,runReflectiveCall,FrameworkMethod.java,59
47326,S,F,org.junit.internal.runners.model.ReflectiveCallable,run,ReflectiveCallable.java,12
47326,S,F,org.junit.runners.model.FrameworkMethod,invokeExplosively,FrameworkMethod.java,56
47326,S,F,org.junit.internal.runners.statements.InvokeMethod,evaluate,InvokeMethod.java,17
47326,S,F,org.junit.internal.runners.statements.RunBefores,evaluate,RunBefores.java,26
47326,S,F,org.junit.runners.ParentRunner$3,evaluate,ParentRunner.java,306
47326,S,F,org.junit.runners.BlockJUnit4ClassRunner$1,evaluate,BlockJUnit4ClassRunner.java,100
47326,S,F,org.junit.runners.ParentRunner,runLeaf,ParentRunner.java,366
47326,S,F,org.junit.runners.BlockJUnit4ClassRunner,runChild,BlockJUnit4ClassRunner.java,103
47326,S,F,org.junit.runners.BlockJUnit4ClassRunner,runChild,BlockJUnit4ClassRunner.java,63
47326,S,F,org.junit.runners.ParentRunner$4,run,ParentRunner.java,331
47326,S,F,org.junit.runners.ParentRunner$1,schedule,ParentRunner.java,79
47326,S,F,org.junit.runners.ParentRunner,runChildren,ParentRunner.java,329
47326,S,F,org.junit.runners.ParentRunner,access$100,ParentRunner.java,66
47326,S,F,org.junit.runners.ParentRunner$2,evaluate,ParentRunner.java,293
47326,S,F,org.junit.internal.runners.statements.RunBefores,evaluate,RunBefores.java,26
47326,S,F,org.junit.runners.ParentRunner$3,evaluate,ParentRunner.java,306
47326,S,F,org.junit.runners.ParentRunner,run,ParentRunner.java,413
47326,S,F,org.apache.maven.surefire.junit4.JUnit4Provider,execute,JUnit4Provider.java,252
47326,S,F,org.apache.maven.surefire.junit4.JUnit4Provider,executeTestSet,JUnit4Provider.java,141
47326,S,F,org.apache.maven.surefire.junit4.JUnit4Provider,invoke,JUnit4Provider.java,112
47326,S,T,jdk.internal.reflect.NativeMethodAccessorImpl,invoke0,NativeMethodAccessorImpl.java,-2
47326,S,F,jdk.internal.reflect.NativeMethodAccessorImpl,invoke,NativeMethodAccessorImpl.java,62
47326,S,F,jdk.internal.reflect.DelegatingMethodAccessorImpl,invoke,DelegatingMethodAccessorImpl.java,43
47326,S,F,java.lang.reflect.Method,invoke,Method.java,566
47326,S,F,org.apache.maven.surefire.util.ReflectionUtils,invokeMethodWithArray,ReflectionUtils.java,189
47326,S,F,org.apache.maven.surefire.booter.ProviderFactory$ProviderProxy,invoke,ProviderFactory.java,165
47326,S,F,org.apache.maven.surefire.booter.ProviderFactory,invokeProvider,ProviderFactory.java,85
47326,S,F,org.apache.maven.surefire.booter.ForkedBooter,runSuitesInProcess,ForkedBooter.java,115
47326,S,F,org.apache.maven.surefire.booter.ForkedBooter,main,ForkedBooter.java,75
47327,M,null
47327,CS,0
47327,S,F,soba.core.ClassHierarchy,registerInterfaces,ClassHierarchy.java,566
47327,S,F,soba.core.ClassHierarchyTest,testFreeze,ClassHierarchyTest.java,229
47327,S,T,jdk.internal.reflect.NativeMethodAccessorImpl,invoke0,NativeMethodAccessorImpl.java,-2
47327,S,F,jdk.internal.reflect.NativeMethodAccessorImpl,invoke,NativeMethodAccessorImpl.java,62
47327,S,F,jdk.internal.reflect.DelegatingMethodAccessorImpl,invoke,DelegatingMethodAccessorImpl.java,43
47327,S,F,java.lang.reflect.Method,invoke,Method.java,566
47327,S,F,org.junit.runners.model.FrameworkMethod$1,runReflectiveCall,FrameworkMethod.java,59
47327,S,F,org.junit.internal.runners.model.ReflectiveCallable,run,ReflectiveCallable.java,12
47327,S,F,org.junit.runners.model.FrameworkMethod,invokeExplosively,FrameworkMethod.java,56
47327,S,F,org.junit.internal.runners.statements.InvokeMethod,evaluate,InvokeMethod.java,17
47327,S,F,org.junit.internal.runners.statements.RunBefores,evaluate,RunBefores.java,26
47327,S,F,org.junit.runners.ParentRunner$3,evaluate,ParentRunner.java,306
47327,S,F,org.junit.runners.BlockJUnit4ClassRunner$1,evaluate,BlockJUnit4ClassRunner.java,100
47327,S,F,org.junit.runners.ParentRunner,runLeaf,ParentRunner.java,366
47327,S,F,org.junit.runners.BlockJUnit4ClassRunner,runChild,BlockJUnit4ClassRunner.java,103
47327,S,F,org.junit.runners.BlockJUnit4ClassRunner,runChild,BlockJUnit4ClassRunner.java,63
47327,S,F,org.junit.runners.ParentRunner$4,run,ParentRunner.java,331
47327,S,F,org.junit.runners.ParentRunner$1,schedule,ParentRunner.java,79
47327,S,F,org.junit.runners.ParentRunner,runChildren,ParentRunner.java,329
47327,S,F,org.junit.runners.ParentRunner,access$100,ParentRunner.java,66
47327,S,F,org.junit.runners.ParentRunner$2,evaluate,ParentRunner.java,293
47327,S,F,org.junit.internal.runners.statements.RunBefores,evaluate,RunBefores.java,26
47327,S,F,org.junit.runners.ParentRunner$3,evaluate,ParentRunner.java,306
47327,S,F,org.junit.runners.ParentRunner,run,ParentRunner.java,413
47327,S,F,org.apache.maven.surefire.junit4.JUnit4Provider,execute,JUnit4Provider.java,252
47327,S,F,org.apache.maven.surefire.junit4.JUnit4Provider,executeTestSet,JUnit4Provider.java,141
47327,S,F,org.apache.maven.surefire.junit4.JUnit4Provider,invoke,JUnit4Provider.java,112
47327,S,T,jdk.internal.reflect.NativeMethodAccessorImpl,invoke0,NativeMethodAccessorImpl.java,-2
47327,S,F,jdk.internal.reflect.NativeMethodAccessorImpl,invoke,NativeMethodAccessorImpl.java,62
47327,S,F,jdk.internal.reflect.DelegatingMethodAccessorImpl,invoke,DelegatingMethodAccessorImpl.java,43
47327,S,F,java.lang.reflect.Method,invoke,Method.java,566
47327,S,F,org.apache.maven.surefire.util.ReflectionUtils,invokeMethodWithArray,ReflectionUtils.java,189
47327,S,F,org.apache.maven.surefire.booter.ProviderFactory$ProviderProxy,invoke,ProviderFactory.java,165
47327,S,F,org.apache.maven.surefire.booter.ProviderFactory,invokeProvider,ProviderFactory.java,85
47327,S,F,org.apache.maven.surefire.booter.ForkedBooter,runSuitesInProcess,ForkedBooter.java,115
47327,S,F,org.apache.maven.surefire.booter.ForkedBooter,main,ForkedBooter.java,75
47328,M,null
47328,CS,0
47328,S,F,soba.core.ClassHierarchy,registerSuperClass,ClassHierarchy.java,533
47328,S,F,soba.core.ClassHierarchyTest,testFreeze,ClassHierarchyTest.java,234
47328,S,T,jdk.internal.reflect.NativeMethodAccessorImpl,invoke0,NativeMethodAccessorImpl.java,-2
47328,S,F,jdk.internal.reflect.NativeMethodAccessorImpl,invoke,NativeMethodAccessorImpl.java,62
47328,S,F,jdk.internal.reflect.DelegatingMethodAccessorImpl,invoke,DelegatingMethodAccessorImpl.java,43
47328,S,F,java.lang.reflect.Method,invoke,Method.java,566
47328,S,F,org.junit.runners.model.FrameworkMethod$1,runReflectiveCall,FrameworkMethod.java,59
47328,S,F,org.junit.internal.runners.model.ReflectiveCallable,run,ReflectiveCallable.java,12
47328,S,F,org.junit.runners.model.FrameworkMethod,invokeExplosively,FrameworkMethod.java,56
47328,S,F,org.junit.internal.runners.statements.InvokeMethod,evaluate,InvokeMethod.java,17
47328,S,F,org.junit.internal.runners.statements.RunBefores,evaluate,RunBefores.java,26
47328,S,F,org.junit.runners.ParentRunner$3,evaluate,ParentRunner.java,306
47328,S,F,org.junit.runners.BlockJUnit4ClassRunner$1,evaluate,BlockJUnit4ClassRunner.java,100
47328,S,F,org.junit.runners.ParentRunner,runLeaf,ParentRunner.java,366
47328,S,F,org.junit.runners.BlockJUnit4ClassRunner,runChild,BlockJUnit4ClassRunner.java,103
47328,S,F,org.junit.runners.BlockJUnit4ClassRunner,runChild,BlockJUnit4ClassRunner.java,63
47328,S,F,org.junit.runners.ParentRunner$4,run,ParentRunner.java,331
47328,S,F,org.junit.runners.ParentRunner$1,schedule,ParentRunner.java,79
47328,S,F,org.junit.runners.ParentRunner,runChildren,ParentRunner.java,329
47328,S,F,org.junit.runners.ParentRunner,access$100,ParentRunner.java,66
47328,S,F,org.junit.runners.ParentRunner$2,evaluate,ParentRunner.java,293
47328,S,F,org.junit.internal.runners.statements.RunBefores,evaluate,RunBefores.java,26
47328,S,F,org.junit.runners.ParentRunner$3,evaluate,ParentRunner.java,306
47328,S,F,org.junit.runners.ParentRunner,run,ParentRunner.java,413
47328,S,F,org.apache.maven.surefire.junit4.JUnit4Provider,execute,JUnit4Provider.java,252
47328,S,F,org.apache.maven.surefire.junit4.JUnit4Provider,executeTestSet,JUnit4Provider.java,141
47328,S,F,org.apache.maven.surefire.junit4.JUnit4Provider,invoke,JUnit4Provider.java,112
47328,S,T,jdk.internal.reflect.NativeMethodAccessorImpl,invoke0,NativeMethodAccessorImpl.java,-2
47328,S,F,jdk.internal.reflect.NativeMethodAccessorImpl,invoke,NativeMethodAccessorImpl.java,62
47328,S,F,jdk.internal.reflect.DelegatingMethodAccessorImpl,invoke,DelegatingMethodAccessorImpl.java,43
47328,S,F,java.lang.reflect.Method,invoke,Method.java,566
47328,S,F,org.apache.maven.surefire.util.ReflectionUtils,invokeMethodWithArray,ReflectionUtils.java,189
47328,S,F,org.apache.maven.surefire.booter.ProviderFactory$ProviderProxy,invoke,ProviderFactory.java,165
47328,S,F,org.apache.maven.surefire.booter.ProviderFactory,invokeProvider,ProviderFactory.java,85
47328,S,F,org.apache.maven.surefire.booter.ForkedBooter,runSuitesInProcess,ForkedBooter.java,115
47328,S,F,org.apache.maven.surefire.booter.ForkedBooter,main,ForkedBooter.java,75
47329,M,null
47329,CS,0
47329,S,F,soba.core.ClassHierarchy,registerSubtype,ClassHierarchy.java,548
47329,S,F,soba.core.ClassHierarchyTest,testFreeze,ClassHierarchyTest.java,239
47329,S,T,jdk.internal.reflect.NativeMethodAccessorImpl,invoke0,NativeMethodAccessorImpl.java,-2
47329,S,F,jdk.internal.reflect.NativeMethodAccessorImpl,invoke,NativeMethodAccessorImpl.java,62
47329,S,F,jdk.internal.reflect.DelegatingMethodAccessorImpl,invoke,DelegatingMethodAccessorImpl.java,43
47329,S,F,java.lang.reflect.Method,invoke,Method.java,566
47329,S,F,org.junit.runners.model.FrameworkMethod$1,runReflectiveCall,FrameworkMethod.java,59
47329,S,F,org.junit.internal.runners.model.ReflectiveCallable,run,ReflectiveCallable.java,12
47329,S,F,org.junit.runners.model.FrameworkMethod,invokeExplosively,FrameworkMethod.java,56
47329,S,F,org.junit.internal.runners.statements.InvokeMethod,evaluate,InvokeMethod.java,17
47329,S,F,org.junit.internal.runners.statements.RunBefores,evaluate,RunBefores.java,26
47329,S,F,org.junit.runners.ParentRunner$3,evaluate,ParentRunner.java,306
47329,S,F,org.junit.runners.BlockJUnit4ClassRunner$1,evaluate,BlockJUnit4ClassRunner.java,100
47329,S,F,org.junit.runners.ParentRunner,runLeaf,ParentRunner.java,366
47329,S,F,org.junit.runners.BlockJUnit4ClassRunner,runChild,BlockJUnit4ClassRunner.java,103
47329,S,F,org.junit.runners.BlockJUnit4ClassRunner,runChild,BlockJUnit4ClassRunner.java,63
47329,S,F,org.junit.runners.ParentRunner$4,run,ParentRunner.java,331
47329,S,F,org.junit.runners.ParentRunner$1,schedule,ParentRunner.java,79
47329,S,F,org.junit.runners.ParentRunner,runChildren,ParentRunner.java,329
47329,S,F,org.junit.runners.ParentRunner,access$100,ParentRunner.java,66
47329,S,F,org.junit.runners.ParentRunner$2,evaluate,ParentRunner.java,293
47329,S,F,org.junit.internal.runners.statements.RunBefores,evaluate,RunBefores.java,26
47329,S,F,org.junit.runners.ParentRunner$3,evaluate,ParentRunner.java,306
47329,S,F,org.junit.runners.ParentRunner,run,ParentRunner.java,413
47329,S,F,org.apache.maven.surefire.junit4.JUnit4Provider,execute,JUnit4Provider.java,252
47329,S,F,org.apache.maven.surefire.junit4.JUnit4Provider,executeTestSet,JUnit4Provider.java,141
47329,S,F,org.apache.maven.surefire.junit4.JUnit4Provider,invoke,JUnit4Provider.java,112
47329,S,T,jdk.internal.reflect.NativeMethodAccessorImpl,invoke0,NativeMethodAccessorImpl.java,-2
47329,S,F,jdk.internal.reflect.NativeMethodAccessorImpl,invoke,NativeMethodAccessorImpl.java,62
47329,S,F,jdk.internal.reflect.DelegatingMethodAccessorImpl,invoke,DelegatingMethodAccessorImpl.java,43
47329,S,F,java.lang.reflect.Method,invoke,Method.java,566
47329,S,F,org.apache.maven.surefire.util.ReflectionUtils,invokeMethodWithArray,ReflectionUtils.java,189
47329,S,F,org.apache.maven.surefire.booter.ProviderFactory$ProviderProxy,invoke,ProviderFactory.java,165
47329,S,F,org.apache.maven.surefire.booter.ProviderFactory,invokeProvider,ProviderFactory.java,85
47329,S,F,org.apache.maven.surefire.booter.ForkedBooter,runSuitesInProcess,ForkedBooter.java,115
47329,S,F,org.apache.maven.surefire.booter.ForkedBooter,main,ForkedBooter.java,75
