0,void,,-1,-1,Loader@0:void
1,boolean,,-1,-1,Loader@0:boolean
2,byte,,-1,-1,Loader@0:byte
3,char,,-1,-1,Loader@0:char
4,double,,-1,-1,Loader@0:double
5,float,,-1,-1,Loader@0:float
6,int,,-1,-1,Loader@0:int
7,long,,-1,-1,Loader@0:long
8,short,,-1,-1,Loader@0:short
9,java.lang.Object,jrt:/java.base/java/lang/Object.class,-1,-1,Loader@0:java/lang/Object
10,java.lang.String,jrt:/java.base/java/lang/String.class,9,-1,Loader@0:java/lang/String
11,soba.util.graph.SingleRootDirectedGraphTest,file:/home/sugiyma111/soba/target/test-classes/soba/util/graph/SingleRootDirectedGraphTest.class,9,-1,Loader@3d4eac69:soba/util/graph/SingleRootDirectedGraphTest
12,soba.util.IntPairList,file:/home/sugiyma111/soba/target/classes/soba/util/IntPairList.class,9,-1,Loader@3d4eac69:soba/util/IntPairList
13,soba.util.graph.DirectedGraph,file:/home/sugiyma111/soba/target/classes/soba/util/graph/DirectedGraph.class,9,-1,Loader@3d4eac69:soba/util/graph/DirectedGraph
14,gnu.trove.impl.hash.THash,jar:file:/home/sugiyma111/.m2/repository/net/sf/trove4j/trove4j/3.0.3/trove4j-3.0.3.jar!/gnu/trove/impl/hash/THash.class,9,-1,Loader@3d4eac69:gnu/trove/impl/hash/THash
15,gnu.trove.impl.hash.TPrimitiveHash,jar:file:/home/sugiyma111/.m2/repository/net/sf/trove4j/trove4j/3.0.3/trove4j-3.0.3.jar!/gnu/trove/impl/hash/TPrimitiveHash.class,14,-1,Loader@3d4eac69:gnu/trove/impl/hash/TPrimitiveHash
16,gnu.trove.impl.hash.TIntHash,jar:file:/home/sugiyma111/.m2/repository/net/sf/trove4j/trove4j/3.0.3/trove4j-3.0.3.jar!/gnu/trove/impl/hash/TIntHash.class,15,-1,Loader@3d4eac69:gnu/trove/impl/hash/TIntHash
17,gnu.trove.set.hash.TIntHashSet,jar:file:/home/sugiyma111/.m2/repository/net/sf/trove4j/trove4j/3.0.3/trove4j-3.0.3.jar!/gnu/trove/set/hash/TIntHashSet.class,16,-1,Loader@3d4eac69:gnu/trove/set/hash/TIntHashSet
18,int[],,9,6,Loader@0:[I
19,int[][],,9,18,Loader@0:[[I
20,soba.util.graph.SingleRootDirectedGraph,file:/home/sugiyma111/soba/target/classes/soba/util/graph/SingleRootDirectedGraph.class,9,-1,Loader@3d4eac69:soba/util/graph/SingleRootDirectedGraph
21,soba.util.graph.DirectedAcyclicGraph,file:/home/sugiyma111/soba/target/classes/soba/util/graph/DirectedAcyclicGraph.class,9,-1,Loader@3d4eac69:soba/util/graph/DirectedAcyclicGraph
22,soba.util.graph.DirectedAcyclicGraph$TarjanData,file:/home/sugiyma111/soba/target/classes/soba/util/graph/DirectedAcyclicGraph$TarjanData.class,9,-1,Loader@3d4eac69:soba/util/graph/DirectedAcyclicGraph$TarjanData
23,soba.util.IntStack,file:/home/sugiyma111/soba/target/classes/soba/util/IntStack.class,9,-1,Loader@3d4eac69:soba/util/IntStack
24,soba.util.IntSetStack,file:/home/sugiyma111/soba/target/classes/soba/util/IntSetStack.class,23,-1,Loader@3d4eac69:soba/util/IntSetStack
25,soba.util.IntPairSet,file:/home/sugiyma111/soba/target/classes/soba/util/IntPairSet.class,9,-1,Loader@3d4eac69:soba/util/IntPairSet
26,gnu.trove.map.hash.TIntObjectHashMap,jar:file:/home/sugiyma111/.m2/repository/net/sf/trove4j/trove4j/3.0.3/trove4j-3.0.3.jar!/gnu/trove/map/hash/TIntObjectHashMap.class,16,-1,Loader@3d4eac69:gnu/trove/map/hash/TIntObjectHashMap
27,gnu.trove.map.hash.TIntObjectHashMap$1,jar:file:/home/sugiyma111/.m2/repository/net/sf/trove4j/trove4j/3.0.3/trove4j-3.0.3.jar!/gnu/trove/map/hash/TIntObjectHashMap$1.class,9,-1,Loader@3d4eac69:gnu/trove/map/hash/TIntObjectHashMap$1
28,soba.util.graph.DirectedAcyclicGraph$1,file:/home/sugiyma111/soba/target/classes/soba/util/graph/DirectedAcyclicGraph$1.class,9,-1,Loader@3d4eac69:soba/util/graph/DirectedAcyclicGraph$1
29,soba.util.IntPairUtil$1,file:/home/sugiyma111/soba/target/classes/soba/util/IntPairUtil$1.class,9,-1,Loader@3d4eac69:soba/util/IntPairUtil$1
30,soba.util.IntPairSet$IntPairIterator,file:/home/sugiyma111/soba/target/classes/soba/util/IntPairSet$IntPairIterator.class,9,-1,Loader@3d4eac69:soba/util/IntPairSet$IntPairIterator
31,soba.util.IntPairSet$IntPairIterator$1,file:/home/sugiyma111/soba/target/classes/soba/util/IntPairSet$IntPairIterator$1.class,9,-1,Loader@3d4eac69:soba/util/IntPairSet$IntPairIterator$1
32,soba.util.graph.SingleRootDirectedGraph$1,file:/home/sugiyma111/soba/target/classes/soba/util/graph/SingleRootDirectedGraph$1.class,9,-1,Loader@3d4eac69:soba/util/graph/SingleRootDirectedGraph$1
33,org.hamcrest.BaseMatcher,jar:file:/home/sugiyma111/.m2/repository/org/hamcrest/hamcrest-all/1.3/hamcrest-all-1.3.jar!/org/hamcrest/BaseMatcher.class,9,-1,Loader@3d4eac69:org/hamcrest/BaseMatcher
34,org.hamcrest.core.IsEqual,jar:file:/home/sugiyma111/.m2/repository/org/hamcrest/hamcrest-all/1.3/hamcrest-all-1.3.jar!/org/hamcrest/core/IsEqual.class,33,-1,Loader@3d4eac69:org/hamcrest/core/IsEqual
35,org.hamcrest.core.Is,jar:file:/home/sugiyma111/.m2/repository/org/hamcrest/hamcrest-all/1.3/hamcrest-all-1.3.jar!/org/hamcrest/core/Is.class,33,-1,Loader@3d4eac69:org/hamcrest/core/Is
36,soba.util.graph.SingleRootDirectedGraphTest$1,file:/home/sugiyma111/soba/target/test-classes/soba/util/graph/SingleRootDirectedGraphTest$1.class,9,-1,Loader@3d4eac69:soba/util/graph/SingleRootDirectedGraphTest$1
37,soba.util.graph.SingleRootDirectedGraphTest$2,file:/home/sugiyma111/soba/target/test-classes/soba/util/graph/SingleRootDirectedGraphTest$2.class,9,-1,Loader@3d4eac69:soba/util/graph/SingleRootDirectedGraphTest$2
38,soba.util.graph.SingleRootDirectedGraphTest$3,file:/home/sugiyma111/soba/target/test-classes/soba/util/graph/SingleRootDirectedGraphTest$3.class,9,-1,Loader@3d4eac69:soba/util/graph/SingleRootDirectedGraphTest$3
39,soba.util.graph.DirectedGraphTest,file:/home/sugiyma111/soba/target/test-classes/soba/util/graph/DirectedGraphTest.class,9,-1,Loader@3d4eac69:soba/util/graph/DirectedGraphTest
40,soba.util.graph.GraphUtil$2,file:/home/sugiyma111/soba/target/classes/soba/util/graph/GraphUtil$2.class,9,-1,Loader@3d4eac69:soba/util/graph/GraphUtil$2
41,java.lang.Number,jrt:/java.base/java/lang/Number.class,9,-1,Loader@0:java/lang/Number
42,java.lang.Integer,jrt:/java.base/java/lang/Integer.class,41,-1,Loader@0:java/lang/Integer
43,java.lang.Integer[],,9,42,Loader@0:[Ljava/lang/Integer;
44,org.hamcrest.internal.ReflectiveTypeFinder,jar:file:/home/sugiyma111/.m2/repository/org/hamcrest/hamcrest-all/1.3/hamcrest-all-1.3.jar!/org/hamcrest/internal/ReflectiveTypeFinder.class,9,-1,Loader@3d4eac69:org/hamcrest/internal/ReflectiveTypeFinder
45,org.hamcrest.TypeSafeMatcher,jar:file:/home/sugiyma111/.m2/repository/org/hamcrest/hamcrest-all/1.3/hamcrest-all-1.3.jar!/org/hamcrest/TypeSafeMatcher.class,33,-1,Loader@3d4eac69:org/hamcrest/TypeSafeMatcher
46,org.hamcrest.collection.IsArrayContainingInAnyOrder,jar:file:/home/sugiyma111/.m2/repository/org/hamcrest/hamcrest-all/1.3/hamcrest-all-1.3.jar!/org/hamcrest/collection/IsArrayContainingInAnyOrder.class,45,-1,Loader@3d4eac69:org/hamcrest/collection/IsArrayContainingInAnyOrder
47,java.lang.Class,jrt:/java.base/java/lang/Class.class,9,-1,Loader@0:java/lang/Class
48,org.hamcrest.TypeSafeDiagnosingMatcher,jar:file:/home/sugiyma111/.m2/repository/org/hamcrest/hamcrest-all/1.3/hamcrest-all-1.3.jar!/org/hamcrest/TypeSafeDiagnosingMatcher.class,33,-1,Loader@3d4eac69:org/hamcrest/TypeSafeDiagnosingMatcher
49,org.hamcrest.collection.IsIterableContainingInAnyOrder,jar:file:/home/sugiyma111/.m2/repository/org/hamcrest/hamcrest-all/1.3/hamcrest-all-1.3.jar!/org/hamcrest/collection/IsIterableContainingInAnyOrder.class,48,-1,Loader@3d4eac69:org/hamcrest/collection/IsIterableContainingInAnyOrder
50,org.hamcrest.Description$NullDescription,jar:file:/home/sugiyma111/.m2/repository/org/hamcrest/hamcrest-all/1.3/hamcrest-all-1.3.jar!/org/hamcrest/Description$NullDescription.class,9,-1,Loader@3d4eac69:org/hamcrest/Description$NullDescription
51,org.hamcrest.collection.IsIterableContainingInAnyOrder$Matching,jar:file:/home/sugiyma111/.m2/repository/org/hamcrest/hamcrest-all/1.3/hamcrest-all-1.3.jar!/org/hamcrest/collection/IsIterableContainingInAnyOrder$Matching.class,9,-1,Loader@3d4eac69:org/hamcrest/collection/IsIterableContainingInAnyOrder$Matching
52,org.hamcrest.FeatureMatcher,jar:file:/home/sugiyma111/.m2/repository/org/hamcrest/hamcrest-all/1.3/hamcrest-all-1.3.jar!/org/hamcrest/FeatureMatcher.class,48,-1,Loader@3d4eac69:org/hamcrest/FeatureMatcher
53,org.hamcrest.collection.IsArrayWithSize,jar:file:/home/sugiyma111/.m2/repository/org/hamcrest/hamcrest-all/1.3/hamcrest-all-1.3.jar!/org/hamcrest/collection/IsArrayWithSize.class,52,-1,Loader@3d4eac69:org/hamcrest/collection/IsArrayWithSize
54,org.hamcrest.core.DescribedAs,jar:file:/home/sugiyma111/.m2/repository/org/hamcrest/hamcrest-all/1.3/hamcrest-all-1.3.jar!/org/hamcrest/core/DescribedAs.class,33,-1,Loader@3d4eac69:org/hamcrest/core/DescribedAs
55,soba.util.graph.GraphUtil$1,file:/home/sugiyma111/soba/target/classes/soba/util/graph/GraphUtil$1.class,9,-1,Loader@3d4eac69:soba/util/graph/GraphUtil$1
56,gnu.trove.list.array.TIntArrayList,jar:file:/home/sugiyma111/.m2/repository/net/sf/trove4j/trove4j/3.0.3/trove4j-3.0.3.jar!/gnu/trove/list/array/TIntArrayList.class,9,-1,Loader@3d4eac69:gnu/trove/list/array/TIntArrayList
57,soba.util.graph.DirectedGraphTest$1,file:/home/sugiyma111/soba/target/test-classes/soba/util/graph/DirectedGraphTest$1.class,9,-1,Loader@3d4eac69:soba/util/graph/DirectedGraphTest$1
58,soba.util.graph.DepthFirstSearch$DfsProgress,file:/home/sugiyma111/soba/target/classes/soba/util/graph/DepthFirstSearch$DfsProgress.class,9,-1,Loader@3d4eac69:soba/util/graph/DepthFirstSearch$DfsProgress
59,soba.util.graph.DepthFirstSearchTest,file:/home/sugiyma111/soba/target/test-classes/soba/util/graph/DepthFirstSearchTest.class,9,-1,Loader@3d4eac69:soba/util/graph/DepthFirstSearchTest
60,soba.util.graph.DepthFirstSearchTest$VisitList,file:/home/sugiyma111/soba/target/test-classes/soba/util/graph/DepthFirstSearchTest$VisitList.class,9,-1,Loader@3d4eac69:soba/util/graph/DepthFirstSearchTest$VisitList
61,soba.util.graph.DepthFirstSearchTest$1,file:/home/sugiyma111/soba/target/test-classes/soba/util/graph/DepthFirstSearchTest$1.class,60,-1,Loader@3d4eac69:soba/util/graph/DepthFirstSearchTest$1
62,soba.util.graph.DepthFirstSearchTest$2,file:/home/sugiyma111/soba/target/test-classes/soba/util/graph/DepthFirstSearchTest$2.class,60,-1,Loader@3d4eac69:soba/util/graph/DepthFirstSearchTest$2
63,soba.util.graph.DirectedAcyclicGraphTest,file:/home/sugiyma111/soba/target/test-classes/soba/util/graph/DirectedAcyclicGraphTest.class,9,-1,Loader@3d4eac69:soba/util/graph/DirectedAcyclicGraphTest
64,soba.util.graph.DirectedAcyclicGraphTest$1,file:/home/sugiyma111/soba/target/test-classes/soba/util/graph/DirectedAcyclicGraphTest$1.class,9,-1,Loader@3d4eac69:soba/util/graph/DirectedAcyclicGraphTest$1
65,soba.util.graph.DominanceTreeTest,file:/home/sugiyma111/soba/target/test-classes/soba/util/graph/DominanceTreeTest.class,9,-1,Loader@3d4eac69:soba/util/graph/DominanceTreeTest
66,soba.util.graph.DominanceTree,file:/home/sugiyma111/soba/target/classes/soba/util/graph/DominanceTree.class,9,-1,Loader@3d4eac69:soba/util/graph/DominanceTree
67,soba.util.graph.SingleRootDirectedGraph$2,file:/home/sugiyma111/soba/target/classes/soba/util/graph/SingleRootDirectedGraph$2.class,9,-1,Loader@3d4eac69:soba/util/graph/SingleRootDirectedGraph$2
68,soba.util.graph.DominanceTree$1,file:/home/sugiyma111/soba/target/classes/soba/util/graph/DominanceTree$1.class,9,-1,Loader@3d4eac69:soba/util/graph/DominanceTree$1
69,soba.util.IntPairUtilTest,file:/home/sugiyma111/soba/target/test-classes/soba/util/IntPairUtilTest.class,9,-1,Loader@3d4eac69:soba/util/IntPairUtilTest
70,soba.util.IntPairUtil$2,file:/home/sugiyma111/soba/target/classes/soba/util/IntPairUtil$2.class,9,-1,Loader@3d4eac69:soba/util/IntPairUtil$2
71,soba.util.IntPairUtil$3,file:/home/sugiyma111/soba/target/classes/soba/util/IntPairUtil$3.class,9,-1,Loader@3d4eac69:soba/util/IntPairUtil$3
72,soba.util.IntPairSetTest,file:/home/sugiyma111/soba/target/test-classes/soba/util/IntPairSetTest.class,9,-1,Loader@3d4eac69:soba/util/IntPairSetTest
73,soba.util.IntPairSetTest$1,file:/home/sugiyma111/soba/target/test-classes/soba/util/IntPairSetTest$1.class,9,-1,Loader@3d4eac69:soba/util/IntPairSetTest$1
74,soba.util.IntSetStackTest,file:/home/sugiyma111/soba/target/test-classes/soba/util/IntSetStackTest.class,9,-1,Loader@3d4eac69:soba/util/IntSetStackTest
75,java.lang.Throwable,jrt:/java.base/java/lang/Throwable.class,9,-1,Loader@0:java/lang/Throwable
76,java.lang.Exception,jrt:/java.base/java/lang/Exception.class,75,-1,Loader@0:java/lang/Exception
77,java.lang.RuntimeException,jrt:/java.base/java/lang/RuntimeException.class,76,-1,Loader@0:java/lang/RuntimeException
78,java.util.EmptyStackException,jrt:/java.base/java/util/EmptyStackException.class,77,-1,Loader@0:java/util/EmptyStackException
79,soba.util.IntSetStack$InvalidElementException,file:/home/sugiyma111/soba/target/classes/soba/util/IntSetStack$InvalidElementException.class,77,-1,Loader@3d4eac69:soba/util/IntSetStack$InvalidElementException
80,soba.util.IntSetStack$DuplicatedElementException,file:/home/sugiyma111/soba/target/classes/soba/util/IntSetStack$DuplicatedElementException.class,77,-1,Loader@3d4eac69:soba/util/IntSetStack$DuplicatedElementException
81,java.io.File,jrt:/java.base/java/io/File.class,9,-1,Loader@0:java/io/File
82,soba.util.files.Directory,file:/home/sugiyma111/soba/target/classes/soba/util/files/Directory.class,9,-1,Loader@3d4eac69:soba/util/files/Directory
83,soba.core.JavaProgram,file:/home/sugiyma111/soba/target/classes/soba/core/JavaProgram.class,9,-1,Loader@3d4eac69:soba/core/JavaProgram
84,soba.core.ClassHierarchy,file:/home/sugiyma111/soba/target/classes/soba/core/ClassHierarchy.class,9,-1,Loader@3d4eac69:soba/core/ClassHierarchy
85,soba.core.JavaProgram$1,file:/home/sugiyma111/soba/target/classes/soba/core/JavaProgram$1.class,9,-1,Loader@3d4eac69:soba/core/JavaProgram$1
86,soba.util.files.Directory$FileFilterCallback,file:/home/sugiyma111/soba/target/classes/soba/util/files/Directory$FileFilterCallback.class,9,-1,Loader@3d4eac69:soba/util/files/Directory$FileFilterCallback
87,soba.core.ClassInfo,file:/home/sugiyma111/soba/target/classes/soba/core/ClassInfo.class,9,-1,Loader@3d4eac69:soba/core/ClassInfo
88,byte[],,9,2,Loader@0:[B
89,org.objectweb.asm.ClassReader,jar:file:/home/sugiyma111/.m2/repository/org/ow2/asm/asm/9.0/asm-9.0.jar!/org/objectweb/asm/ClassReader.class,9,-1,Loader@3d4eac69:org/objectweb/asm/ClassReader
90,soba.core.ClassInfo$1,file:/home/sugiyma111/soba/target/classes/soba/core/ClassInfo$1.class,89,-1,Loader@3d4eac69:soba/core/ClassInfo$1
91,org.objectweb.asm.ClassVisitor,jar:file:/home/sugiyma111/.m2/repository/org/ow2/asm/asm/9.0/asm-9.0.jar!/org/objectweb/asm/ClassVisitor.class,9,-1,Loader@3d4eac69:org/objectweb/asm/ClassVisitor
92,org.objectweb.asm.tree.ClassNode,jar:file:/home/sugiyma111/.m2/repository/org/ow2/asm/asm-tree/9.0/asm-tree-9.0.jar!/org/objectweb/asm/tree/ClassNode.class,91,-1,Loader@3d4eac69:org/objectweb/asm/tree/ClassNode
93,soba.core.ClassInfo$2,file:/home/sugiyma111/soba/target/classes/soba/core/ClassInfo$2.class,92,-1,Loader@3d4eac69:soba/core/ClassInfo$2
94,org.objectweb.asm.Context,jar:file:/home/sugiyma111/.m2/repository/org/ow2/asm/asm/9.0/asm-9.0.jar!/org/objectweb/asm/Context.class,9,-1,Loader@3d4eac69:org/objectweb/asm/Context
95,java.util.AbstractCollection,jrt:/java.base/java/util/AbstractCollection.class,9,-1,Loader@0:java/util/AbstractCollection
96,java.util.AbstractList,jrt:/java.base/java/util/AbstractList.class,95,-1,Loader@0:java/util/AbstractList
97,java.util.ArrayList,jrt:/java.base/java/util/ArrayList.class,96,-1,Loader@0:java/util/ArrayList
98,org.objectweb.asm.tree.InnerClassNode,jar:file:/home/sugiyma111/.m2/repository/org/ow2/asm/asm-tree/9.0/asm-tree-9.0.jar!/org/objectweb/asm/tree/InnerClassNode.class,9,-1,Loader@3d4eac69:org/objectweb/asm/tree/InnerClassNode
99,org.objectweb.asm.MethodVisitor,jar:file:/home/sugiyma111/.m2/repository/org/ow2/asm/asm/9.0/asm-9.0.jar!/org/objectweb/asm/MethodVisitor.class,9,-1,Loader@3d4eac69:org/objectweb/asm/MethodVisitor
100,org.objectweb.asm.tree.MethodNode,jar:file:/home/sugiyma111/.m2/repository/org/ow2/asm/asm-tree/9.0/asm-tree-9.0.jar!/org/objectweb/asm/tree/MethodNode.class,99,-1,Loader@3d4eac69:org/objectweb/asm/tree/MethodNode
101,org.objectweb.asm.tree.InsnList,jar:file:/home/sugiyma111/.m2/repository/org/ow2/asm/asm-tree/9.0/asm-tree-9.0.jar!/org/objectweb/asm/tree/InsnList.class,9,-1,Loader@3d4eac69:org/objectweb/asm/tree/InsnList
102,org.objectweb.asm.commons.JSRInlinerAdapter,jar:file:/home/sugiyma111/.m2/repository/org/ow2/asm/asm-commons/9.0/asm-commons-9.0.jar!/org/objectweb/asm/commons/JSRInlinerAdapter.class,100,-1,Loader@3d4eac69:org/objectweb/asm/commons/JSRInlinerAdapter
103,org.objectweb.asm.Label,jar:file:/home/sugiyma111/.m2/repository/org/ow2/asm/asm/9.0/asm-9.0.jar!/org/objectweb/asm/Label.class,9,-1,Loader@3d4eac69:org/objectweb/asm/Label
104,org.objectweb.asm.tree.AbstractInsnNode,jar:file:/home/sugiyma111/.m2/repository/org/ow2/asm/asm-tree/9.0/asm-tree-9.0.jar!/org/objectweb/asm/tree/AbstractInsnNode.class,9,-1,Loader@3d4eac69:org/objectweb/asm/tree/AbstractInsnNode
105,org.objectweb.asm.tree.LabelNode,jar:file:/home/sugiyma111/.m2/repository/org/ow2/asm/asm-tree/9.0/asm-tree-9.0.jar!/org/objectweb/asm/tree/LabelNode.class,104,-1,Loader@3d4eac69:org/objectweb/asm/tree/LabelNode
106,org.objectweb.asm.tree.LineNumberNode,jar:file:/home/sugiyma111/.m2/repository/org/ow2/asm/asm-tree/9.0/asm-tree-9.0.jar!/org/objectweb/asm/tree/LineNumberNode.class,104,-1,Loader@3d4eac69:org/objectweb/asm/tree/LineNumberNode
107,org.objectweb.asm.tree.VarInsnNode,jar:file:/home/sugiyma111/.m2/repository/org/ow2/asm/asm-tree/9.0/asm-tree-9.0.jar!/org/objectweb/asm/tree/VarInsnNode.class,104,-1,Loader@3d4eac69:org/objectweb/asm/tree/VarInsnNode
108,org.objectweb.asm.tree.MethodInsnNode,jar:file:/home/sugiyma111/.m2/repository/org/ow2/asm/asm-tree/9.0/asm-tree-9.0.jar!/org/objectweb/asm/tree/MethodInsnNode.class,104,-1,Loader@3d4eac69:org/objectweb/asm/tree/MethodInsnNode
109,org.objectweb.asm.tree.InsnNode,jar:file:/home/sugiyma111/.m2/repository/org/ow2/asm/asm-tree/9.0/asm-tree-9.0.jar!/org/objectweb/asm/tree/InsnNode.class,104,-1,Loader@3d4eac69:org/objectweb/asm/tree/InsnNode
110,org.objectweb.asm.tree.LocalVariableNode,jar:file:/home/sugiyma111/.m2/repository/org/ow2/asm/asm-tree/9.0/asm-tree-9.0.jar!/org/objectweb/asm/tree/LocalVariableNode.class,9,-1,Loader@3d4eac69:org/objectweb/asm/tree/LocalVariableNode
111,org.objectweb.asm.tree.JumpInsnNode,jar:file:/home/sugiyma111/.m2/repository/org/ow2/asm/asm-tree/9.0/asm-tree-9.0.jar!/org/objectweb/asm/tree/JumpInsnNode.class,104,-1,Loader@3d4eac69:org/objectweb/asm/tree/JumpInsnNode
112,java.lang.Object[],,9,9,Loader@0:[Ljava/lang/Object;
113,org.objectweb.asm.tree.FrameNode,jar:file:/home/sugiyma111/.m2/repository/org/ow2/asm/asm-tree/9.0/asm-tree-9.0.jar!/org/objectweb/asm/tree/FrameNode.class,104,-1,Loader@3d4eac69:org/objectweb/asm/tree/FrameNode
114,org.objectweb.asm.tree.FieldInsnNode,jar:file:/home/sugiyma111/.m2/repository/org/ow2/asm/asm-tree/9.0/asm-tree-9.0.jar!/org/objectweb/asm/tree/FieldInsnNode.class,104,-1,Loader@3d4eac69:org/objectweb/asm/tree/FieldInsnNode
115,org.objectweb.asm.tree.TryCatchBlockNode,jar:file:/home/sugiyma111/.m2/repository/org/ow2/asm/asm-tree/9.0/asm-tree-9.0.jar!/org/objectweb/asm/tree/TryCatchBlockNode.class,9,-1,Loader@3d4eac69:org/objectweb/asm/tree/TryCatchBlockNode
116,org.objectweb.asm.tree.TypeInsnNode,jar:file:/home/sugiyma111/.m2/repository/org/ow2/asm/asm-tree/9.0/asm-tree-9.0.jar!/org/objectweb/asm/tree/TypeInsnNode.class,104,-1,Loader@3d4eac69:org/objectweb/asm/tree/TypeInsnNode
117,org.objectweb.asm.tree.LdcInsnNode,jar:file:/home/sugiyma111/.m2/repository/org/ow2/asm/asm-tree/9.0/asm-tree-9.0.jar!/org/objectweb/asm/tree/LdcInsnNode.class,104,-1,Loader@3d4eac69:org/objectweb/asm/tree/LdcInsnNode
118,org.objectweb.asm.tree.IntInsnNode,jar:file:/home/sugiyma111/.m2/repository/org/ow2/asm/asm-tree/9.0/asm-tree-9.0.jar!/org/objectweb/asm/tree/IntInsnNode.class,104,-1,Loader@3d4eac69:org/objectweb/asm/tree/IntInsnNode
119,org.objectweb.asm.tree.IincInsnNode,jar:file:/home/sugiyma111/.m2/repository/org/ow2/asm/asm-tree/9.0/asm-tree-9.0.jar!/org/objectweb/asm/tree/IincInsnNode.class,104,-1,Loader@3d4eac69:org/objectweb/asm/tree/IincInsnNode
120,soba.core.MethodInfo,file:/home/sugiyma111/soba/target/classes/soba/core/MethodInfo.class,9,-1,Loader@3d4eac69:soba/core/MethodInfo
121,java.util.AbstractMap,jrt:/java.base/java/util/AbstractMap.class,9,-1,Loader@0:java/util/AbstractMap
122,java.util.HashMap,jrt:/java.base/java/util/HashMap.class,121,-1,Loader@0:java/util/HashMap
123,org.objectweb.asm.FieldVisitor,jar:file:/home/sugiyma111/.m2/repository/org/ow2/asm/asm/9.0/asm-9.0.jar!/org/objectweb/asm/FieldVisitor.class,9,-1,Loader@3d4eac69:org/objectweb/asm/FieldVisitor
124,org.objectweb.asm.tree.FieldNode,jar:file:/home/sugiyma111/.m2/repository/org/ow2/asm/asm-tree/9.0/asm-tree-9.0.jar!/org/objectweb/asm/tree/FieldNode.class,123,-1,Loader@3d4eac69:org/objectweb/asm/tree/FieldNode
125,soba.core.FieldInfo,file:/home/sugiyma111/soba/target/classes/soba/core/FieldInfo.class,9,-1,Loader@3d4eac69:soba/core/FieldInfo
126,org.objectweb.asm.Type,jar:file:/home/sugiyma111/.m2/repository/org/ow2/asm/asm/9.0/asm-9.0.jar!/org/objectweb/asm/Type.class,9,-1,Loader@3d4eac69:org/objectweb/asm/Type
127,org.objectweb.asm.tree.MultiANewArrayInsnNode,jar:file:/home/sugiyma111/.m2/repository/org/ow2/asm/asm-tree/9.0/asm-tree-9.0.jar!/org/objectweb/asm/tree/MultiANewArrayInsnNode.class,104,-1,Loader@3d4eac69:org/objectweb/asm/tree/MultiANewArrayInsnNode
128,java.lang.Double,jrt:/java.base/java/lang/Double.class,41,-1,Loader@0:java/lang/Double
129,soba.util.callgraph.CallGraph,file:/home/sugiyma111/soba/target/classes/soba/util/callgraph/CallGraph.class,9,-1,Loader@3d4eac69:soba/util/callgraph/CallGraph
130,soba.util.ObjectIdMap,file:/home/sugiyma111/soba/target/classes/soba/util/ObjectIdMap.class,9,-1,Loader@3d4eac69:soba/util/ObjectIdMap
131,gnu.trove.impl.hash.TObjectHash,jar:file:/home/sugiyma111/.m2/repository/net/sf/trove4j/trove4j/3.0.3/trove4j-3.0.3.jar!/gnu/trove/impl/hash/TObjectHash.class,14,-1,Loader@3d4eac69:gnu/trove/impl/hash/TObjectHash
132,gnu.trove.map.hash.TObjectIntHashMap,jar:file:/home/sugiyma111/.m2/repository/net/sf/trove4j/trove4j/3.0.3/trove4j-3.0.3.jar!/gnu/trove/map/hash/TObjectIntHashMap.class,131,-1,Loader@3d4eac69:gnu/trove/map/hash/TObjectIntHashMap
133,gnu.trove.map.hash.TObjectIntHashMap$1,jar:file:/home/sugiyma111/.m2/repository/net/sf/trove4j/trove4j/3.0.3/trove4j-3.0.3.jar!/gnu/trove/map/hash/TObjectIntHashMap$1.class,9,-1,Loader@3d4eac69:gnu/trove/map/hash/TObjectIntHashMap$1
134,org.objectweb.asm.tree.AbstractInsnNode[],,9,104,Loader@3d4eac69:[Lorg/objectweb/asm/tree/AbstractInsnNode;
135,java.lang.Enum,jrt:/java.base/java/lang/Enum.class,9,-1,Loader@0:java/lang/Enum
136,soba.core.method.CallSite$Kind,file:/home/sugiyma111/soba/target/classes/soba/core/method/CallSite$Kind.class,135,-1,Loader@3d4eac69:soba/core/method/CallSite$Kind
137,soba.core.method.CallSite,file:/home/sugiyma111/soba/target/classes/soba/core/method/CallSite.class,9,-1,Loader@3d4eac69:soba/core/method/CallSite
138,soba.core.MethodInfo[],,9,120,Loader@3d4eac69:[Lsoba/core/MethodInfo;
139,java.util.AbstractSet,jrt:/java.base/java/util/AbstractSet.class,95,-1,Loader@0:java/util/AbstractSet
140,java.util.HashSet,jrt:/java.base/java/util/HashSet.class,139,-1,Loader@0:java/util/HashSet
141,java.util.Collections$UnmodifiableCollection,jrt:/java.base/java/util/Collections$UnmodifiableCollection.class,9,-1,Loader@0:java/util/Collections$UnmodifiableCollection
142,java.util.Collections$UnmodifiableList,jrt:/java.base/java/util/Collections$UnmodifiableList.class,141,-1,Loader@0:java/util/Collections$UnmodifiableList
143,java.util.Collections$UnmodifiableRandomAccessList,jrt:/java.base/java/util/Collections$UnmodifiableRandomAccessList.class,142,-1,Loader@0:java/util/Collections$UnmodifiableRandomAccessList
144,soba.util.callgraph.CallGraphTest,file:/home/sugiyma111/soba/target/test-classes/soba/util/callgraph/CallGraphTest.class,9,-1,Loader@3d4eac69:soba/util/callgraph/CallGraphTest
145,soba.util.callgraph.CallGraph$SimpleVisitor,file:/home/sugiyma111/soba/target/classes/soba/util/callgraph/CallGraph$SimpleVisitor.class,9,-1,Loader@3d4eac69:soba/util/callgraph/CallGraph$SimpleVisitor
146,soba.util.IntStackTest,file:/home/sugiyma111/soba/target/test-classes/soba/util/IntStackTest.class,9,-1,Loader@3d4eac69:soba/util/IntStackTest
147,soba.util.IntPairListTest,file:/home/sugiyma111/soba/target/test-classes/soba/util/IntPairListTest.class,9,-1,Loader@3d4eac69:soba/util/IntPairListTest
148,soba.util.IntPairListTest$1,file:/home/sugiyma111/soba/target/test-classes/soba/util/IntPairListTest$1.class,9,-1,Loader@3d4eac69:soba/util/IntPairListTest$1
149,soba.util.IntPairList$FrozenListException,file:/home/sugiyma111/soba/target/classes/soba/util/IntPairList$FrozenListException.class,77,-1,Loader@3d4eac69:soba/util/IntPairList$FrozenListException
150,java.lang.IndexOutOfBoundsException,jrt:/java.base/java/lang/IndexOutOfBoundsException.class,77,-1,Loader@0:java/lang/IndexOutOfBoundsException
151,java.lang.ArrayIndexOutOfBoundsException,jrt:/java.base/java/lang/ArrayIndexOutOfBoundsException.class,150,-1,Loader@0:java/lang/ArrayIndexOutOfBoundsException
152,soba.util.ObjectIdMapTest,file:/home/sugiyma111/soba/target/test-classes/soba/util/ObjectIdMapTest.class,9,-1,Loader@3d4eac69:soba/util/ObjectIdMapTest
153,org.hamcrest.core.IsNull,jar:file:/home/sugiyma111/.m2/repository/org/hamcrest/hamcrest-all/1.3/hamcrest-all-1.3.jar!/org/hamcrest/core/IsNull.class,33,-1,Loader@3d4eac69:org/hamcrest/core/IsNull
154,soba.util.ObjectIdMap$FrozenMapException,file:/home/sugiyma111/soba/target/classes/soba/util/ObjectIdMap$FrozenMapException.class,77,-1,Loader@3d4eac69:soba/util/ObjectIdMap$FrozenMapException
155,soba.util.files.DirectoryTest,file:/home/sugiyma111/soba/target/test-classes/soba/util/files/DirectoryTest.class,9,-1,Loader@3d4eac69:soba/util/files/DirectoryTest
156,soba.util.files.Directory[],,9,82,Loader@3d4eac69:[Lsoba/util/files/Directory;
157,soba.util.files.ClasspathUtilTest,file:/home/sugiyma111/soba/target/test-classes/soba/util/files/ClasspathUtilTest.class,9,-1,Loader@3d4eac69:soba/util/files/ClasspathUtilTest
158,soba.util.files.IClassList,file:/home/sugiyma111/soba/target/classes/soba/util/files/IClassList.class,-1,-1,Loader@3d4eac69:soba/util/files/IClassList
159,soba.util.files.IClassList[],,9,158,Loader@3d4eac69:[Lsoba/util/files/IClassList;
160,org.hamcrest.core.IsNot,jar:file:/home/sugiyma111/.m2/repository/org/hamcrest/hamcrest-all/1.3/hamcrest-all-1.3.jar!/org/hamcrest/core/IsNot.class,33,-1,Loader@3d4eac69:org/hamcrest/core/IsNot
161,soba.util.files.SingleFile,file:/home/sugiyma111/soba/target/classes/soba/util/files/SingleFile.class,9,-1,Loader@3d4eac69:soba/util/files/SingleFile
162,soba.util.files.ZipFileTest,file:/home/sugiyma111/soba/target/test-classes/soba/util/files/ZipFileTest.class,9,-1,Loader@3d4eac69:soba/util/files/ZipFileTest
163,soba.core.ClassInfoTest,file:/home/sugiyma111/soba/target/test-classes/soba/core/ClassInfoTest.class,9,-1,Loader@3d4eac69:soba/core/ClassInfoTest
164,org.hamcrest.collection.IsCollectionWithSize,jar:file:/home/sugiyma111/.m2/repository/org/hamcrest/hamcrest-all/1.3/hamcrest-all-1.3.jar!/org/hamcrest/collection/IsCollectionWithSize.class,52,-1,Loader@3d4eac69:org/hamcrest/collection/IsCollectionWithSize
165,org.hamcrest.collection.IsEmptyCollection,jar:file:/home/sugiyma111/.m2/repository/org/hamcrest/hamcrest-all/1.3/hamcrest-all-1.3.jar!/org/hamcrest/collection/IsEmptyCollection.class,45,-1,Loader@3d4eac69:org/hamcrest/collection/IsEmptyCollection
166,soba.core.FieldInfoTest,file:/home/sugiyma111/soba/target/test-classes/soba/core/FieldInfoTest.class,9,-1,Loader@3d4eac69:soba/core/FieldInfoTest
167,org.objectweb.asm.signature.SignatureReader,jar:file:/home/sugiyma111/.m2/repository/org/ow2/asm/asm/9.0/asm-9.0.jar!/org/objectweb/asm/signature/SignatureReader.class,9,-1,Loader@3d4eac69:org/objectweb/asm/signature/SignatureReader
168,org.objectweb.asm.signature.SignatureVisitor,jar:file:/home/sugiyma111/.m2/repository/org/ow2/asm/asm/9.0/asm-9.0.jar!/org/objectweb/asm/signature/SignatureVisitor.class,9,-1,Loader@3d4eac69:org/objectweb/asm/signature/SignatureVisitor
169,soba.core.signature.TypeVisitor,file:/home/sugiyma111/soba/target/classes/soba/core/signature/TypeVisitor.class,168,-1,Loader@3d4eac69:soba/core/signature/TypeVisitor
170,soba.core.signature.TypeResolverTest,file:/home/sugiyma111/soba/target/test-classes/soba/core/signature/TypeResolverTest.class,9,-1,Loader@3d4eac69:soba/core/signature/TypeResolverTest
171,org.objectweb.asm.tree.analysis.Interpreter,jar:file:/home/sugiyma111/.m2/repository/org/ow2/asm/asm-analysis/9.0/asm-analysis-9.0.jar!/org/objectweb/asm/tree/analysis/Interpreter.class,9,-1,Loader@3d4eac69:org/objectweb/asm/tree/analysis/Interpreter
172,soba.core.method.asm.FastSourceInterpreter,file:/home/sugiyma111/soba/target/classes/soba/core/method/asm/FastSourceInterpreter.class,171,-1,Loader@3d4eac69:soba/core/method/asm/FastSourceInterpreter
173,soba.core.method.asm.DataFlowInterpreter,file:/home/sugiyma111/soba/target/classes/soba/core/method/asm/DataFlowInterpreter.class,172,-1,Loader@3d4eac69:soba/core/method/asm/DataFlowInterpreter
174,org.objectweb.asm.tree.analysis.Analyzer,jar:file:/home/sugiyma111/.m2/repository/org/ow2/asm/asm-analysis/9.0/asm-analysis-9.0.jar!/org/objectweb/asm/tree/analysis/Analyzer.class,9,-1,Loader@3d4eac69:org/objectweb/asm/tree/analysis/Analyzer
175,soba.core.method.asm.DataFlowAnalyzer,file:/home/sugiyma111/soba/target/classes/soba/core/method/asm/DataFlowAnalyzer.class,174,-1,Loader@3d4eac69:soba/core/method/asm/DataFlowAnalyzer
176,org.objectweb.asm.tree.analysis.Subroutine,jar:file:/home/sugiyma111/.m2/repository/org/ow2/asm/asm-analysis/9.0/asm-analysis-9.0.jar!/org/objectweb/asm/tree/analysis/Subroutine.class,9,-1,Loader@3d4eac69:org/objectweb/asm/tree/analysis/Subroutine
177,org.objectweb.asm.tree.analysis.Frame,jar:file:/home/sugiyma111/.m2/repository/org/ow2/asm/asm-analysis/9.0/asm-analysis-9.0.jar!/org/objectweb/asm/tree/analysis/Frame.class,9,-1,Loader@3d4eac69:org/objectweb/asm/tree/analysis/Frame
178,soba.core.method.asm.FastSourceValue,file:/home/sugiyma111/soba/target/classes/soba/core/method/asm/FastSourceValue.class,9,-1,Loader@3d4eac69:soba/core/method/asm/FastSourceValue
179,org.objectweb.asm.Type[],,9,126,Loader@3d4eac69:[Lorg/objectweb/asm/Type;
180,org.objectweb.asm.tree.analysis.Frame[],,9,177,Loader@3d4eac69:[Lorg/objectweb/asm/tree/analysis/Frame;
181,soba.core.method.DataDependence,file:/home/sugiyma111/soba/target/classes/soba/core/method/DataDependence.class,9,-1,Loader@3d4eac69:soba/core/method/DataDependence
182,soba.core.method.DataFlowEdge,file:/home/sugiyma111/soba/target/classes/soba/core/method/DataFlowEdge.class,9,-1,Loader@3d4eac69:soba/core/method/DataFlowEdge
183,soba.core.method.DataFlowEdge$SourceComparator,file:/home/sugiyma111/soba/target/classes/soba/core/method/DataFlowEdge$SourceComparator.class,9,-1,Loader@3d4eac69:soba/core/method/DataFlowEdge$SourceComparator
184,soba.core.method.LocalVariables,file:/home/sugiyma111/soba/target/classes/soba/core/method/LocalVariables.class,9,-1,Loader@3d4eac69:soba/core/method/LocalVariables
185,soba.core.method.LocalVariables$Entry,file:/home/sugiyma111/soba/target/classes/soba/core/method/LocalVariables$Entry.class,9,-1,Loader@3d4eac69:soba/core/method/LocalVariables$Entry
186,gnu.trove.impl.hash.THashPrimitiveIterator,jar:file:/home/sugiyma111/.m2/repository/net/sf/trove4j/trove4j/3.0.3/trove4j-3.0.3.jar!/gnu/trove/impl/hash/THashPrimitiveIterator.class,9,-1,Loader@3d4eac69:gnu/trove/impl/hash/THashPrimitiveIterator
187,gnu.trove.set.hash.TIntHashSet$TIntHashIterator,jar:file:/home/sugiyma111/.m2/repository/net/sf/trove4j/trove4j/3.0.3/trove4j-3.0.3.jar!/gnu/trove/set/hash/TIntHashSet$TIntHashIterator.class,186,-1,Loader@3d4eac69:gnu/trove/set/hash/TIntHashSet$TIntHashIterator
188,soba.core.method.LocalVariablesTest,file:/home/sugiyma111/soba/target/test-classes/soba/core/method/LocalVariablesTest.class,9,-1,Loader@3d4eac69:soba/core/method/LocalVariablesTest
189,soba.core.method.ControlDependenceTest,file:/home/sugiyma111/soba/target/test-classes/soba/core/method/ControlDependenceTest.class,9,-1,Loader@3d4eac69:soba/core/method/ControlDependenceTest
190,soba.core.method.ControlDependence$1,file:/home/sugiyma111/soba/target/classes/soba/core/method/ControlDependence$1.class,9,-1,Loader@3d4eac69:soba/core/method/ControlDependence$1
191,soba.core.method.ControlDependence$2,file:/home/sugiyma111/soba/target/classes/soba/core/method/ControlDependence$2.class,9,-1,Loader@3d4eac69:soba/core/method/ControlDependence$2
192,soba.core.method.asm.FastSourceValueTest,file:/home/sugiyma111/soba/target/test-classes/soba/core/method/asm/FastSourceValueTest.class,9,-1,Loader@3d4eac69:soba/core/method/asm/FastSourceValueTest
193,soba.core.method.DataDependenceTest,file:/home/sugiyma111/soba/target/test-classes/soba/core/method/DataDependenceTest.class,9,-1,Loader@3d4eac69:soba/core/method/DataDependenceTest
194,soba.core.MethodInfoTest,file:/home/sugiyma111/soba/target/test-classes/soba/core/MethodInfoTest.class,9,-1,Loader@3d4eac69:soba/core/MethodInfoTest
195,soba.core.signature.MethodSignatureReader,file:/home/sugiyma111/soba/target/classes/soba/core/signature/MethodSignatureReader.class,9,-1,Loader@3d4eac69:soba/core/signature/MethodSignatureReader
196,soba.core.signature.MethodSignatureReader$1,file:/home/sugiyma111/soba/target/classes/soba/core/signature/MethodSignatureReader$1.class,168,-1,Loader@3d4eac69:soba/core/signature/MethodSignatureReader$1
197,org.hamcrest.collection.IsArrayContainingInOrder,jar:file:/home/sugiyma111/.m2/repository/org/hamcrest/hamcrest-all/1.3/hamcrest-all-1.3.jar!/org/hamcrest/collection/IsArrayContainingInOrder.class,45,-1,Loader@3d4eac69:org/hamcrest/collection/IsArrayContainingInOrder
198,org.hamcrest.collection.IsIterableContainingInOrder,jar:file:/home/sugiyma111/.m2/repository/org/hamcrest/hamcrest-all/1.3/hamcrest-all-1.3.jar!/org/hamcrest/collection/IsIterableContainingInOrder.class,48,-1,Loader@3d4eac69:org/hamcrest/collection/IsIterableContainingInOrder
199,org.hamcrest.collection.IsIterableContainingInOrder$MatchSeries,jar:file:/home/sugiyma111/.m2/repository/org/hamcrest/hamcrest-all/1.3/hamcrest-all-1.3.jar!/org/hamcrest/collection/IsIterableContainingInOrder$MatchSeries.class,9,-1,Loader@3d4eac69:org/hamcrest/collection/IsIterableContainingInOrder$MatchSeries
200,soba.core.method.FieldAccess,file:/home/sugiyma111/soba/target/classes/soba/core/method/FieldAccess.class,9,-1,Loader@3d4eac69:soba/core/method/FieldAccess
201,soba.core.ClassHierarchyTest,file:/home/sugiyma111/soba/target/test-classes/soba/core/ClassHierarchyTest.class,9,-1,Loader@3d4eac69:soba/core/ClassHierarchyTest
202,java.util.HashMap$KeySet,jrt:/java.base/java/util/HashMap$KeySet.class,139,-1,Loader@0:java/util/HashMap$KeySet
203,soba.core.ClassHierarchy$FrozenHierarchyException,file:/home/sugiyma111/soba/target/classes/soba/core/ClassHierarchy$FrozenHierarchyException.class,77,-1,Loader@3d4eac69:soba/core/ClassHierarchy$FrozenHierarchyException
204,soba.core.JavaProgramTest,file:/home/sugiyma111/soba/target/test-classes/soba/core/JavaProgramTest.class,9,-1,Loader@3d4eac69:soba/core/JavaProgramTest
205,soba.core.vta.NewVertices,file:/home/sugiyma111/soba/target/classes/soba/core/vta/NewVertices.class,9,-1,Loader@3d4eac69:soba/core/vta/NewVertices
206,soba.core.vta.NewVerticesTest,file:/home/sugiyma111/soba/target/test-classes/soba/core/vta/NewVerticesTest.class,9,-1,Loader@3d4eac69:soba/core/vta/NewVerticesTest
207,soba.core.vta.CallSiteVertices,file:/home/sugiyma111/soba/target/classes/soba/core/vta/CallSiteVertices.class,9,-1,Loader@3d4eac69:soba/core/vta/CallSiteVertices
208,soba.core.vta.CallSiteVerticesTest,file:/home/sugiyma111/soba/target/test-classes/soba/core/vta/CallSiteVerticesTest.class,9,-1,Loader@3d4eac69:soba/core/vta/CallSiteVerticesTest
209,soba.core.vta.VTAResolverTest$1,file:/home/sugiyma111/soba/target/test-classes/soba/core/vta/VTAResolverTest$1.class,9,-1,Loader@3d4eac69:soba/core/vta/VTAResolverTest$1
210,soba.core.vta.VTAResolver,file:/home/sugiyma111/soba/target/classes/soba/core/vta/VTAResolver.class,9,-1,Loader@3d4eac69:soba/core/vta/VTAResolver
211,soba.core.vta.MethodVertices,file:/home/sugiyma111/soba/target/classes/soba/core/vta/MethodVertices.class,9,-1,Loader@3d4eac69:soba/core/vta/MethodVertices
212,soba.core.method.LocalVariables$Entry$1,file:/home/sugiyma111/soba/target/classes/soba/core/method/LocalVariables$Entry$1.class,9,-1,Loader@3d4eac69:soba/core/method/LocalVariables$Entry$1
213,soba.core.vta.VTAResolver$FieldVertex,file:/home/sugiyma111/soba/target/classes/soba/core/vta/VTAResolver$FieldVertex.class,9,-1,Loader@3d4eac69:soba/core/vta/VTAResolver$FieldVertex
214,soba.core.vta.TypeSetManager,file:/home/sugiyma111/soba/target/classes/soba/core/vta/TypeSetManager.class,9,-1,Loader@3d4eac69:soba/core/vta/TypeSetManager
215,soba.core.vta.TypeSet,file:/home/sugiyma111/soba/target/classes/soba/core/vta/TypeSet.class,9,-1,Loader@3d4eac69:soba/core/vta/TypeSet
216,soba.core.vta.VTAResolver$3,file:/home/sugiyma111/soba/target/classes/soba/core/vta/VTAResolver$3.class,9,-1,Loader@3d4eac69:soba/core/vta/VTAResolver$3
217,soba.core.vta.VTAResolver$4,file:/home/sugiyma111/soba/target/classes/soba/core/vta/VTAResolver$4.class,9,-1,Loader@3d4eac69:soba/core/vta/VTAResolver$4
218,soba.core.vta.TypeSet[],,9,215,Loader@3d4eac69:[Lsoba/core/vta/TypeSet;
219,java.lang.String[],,9,10,Loader@0:[Ljava/lang/String;
220,gnu.trove.impl.hash.TIntIntHash,jar:file:/home/sugiyma111/.m2/repository/net/sf/trove4j/trove4j/3.0.3/trove4j-3.0.3.jar!/gnu/trove/impl/hash/TIntIntHash.class,15,-1,Loader@3d4eac69:gnu/trove/impl/hash/TIntIntHash
221,gnu.trove.map.hash.TIntIntHashMap,jar:file:/home/sugiyma111/.m2/repository/net/sf/trove4j/trove4j/3.0.3/trove4j-3.0.3.jar!/gnu/trove/map/hash/TIntIntHashMap.class,220,-1,Loader@3d4eac69:gnu/trove/map/hash/TIntIntHashMap
222,soba.core.vta.VTAResolverTest,file:/home/sugiyma111/soba/target/test-classes/soba/core/vta/VTAResolverTest.class,9,-1,Loader@3d4eac69:soba/core/vta/VTAResolverTest
223,soba.core.vta.VTAResolver$2,file:/home/sugiyma111/soba/target/classes/soba/core/vta/VTAResolver$2.class,9,-1,Loader@3d4eac69:soba/core/vta/VTAResolver$2
224,org.hamcrest.number.OrderingComparison,jar:file:/home/sugiyma111/.m2/repository/org/hamcrest/hamcrest-all/1.3/hamcrest-all-1.3.jar!/org/hamcrest/number/OrderingComparison.class,45,-1,Loader@3d4eac69:org/hamcrest/number/OrderingComparison
225,soba.core.vta.MethodVerticesTest,file:/home/sugiyma111/soba/target/test-classes/soba/core/vta/MethodVerticesTest.class,9,-1,Loader@3d4eac69:soba/core/vta/MethodVerticesTest
